first_name,last_name,id,email,user_id,age,occupation,financial_goals,risk_tolerance,financial_preference,financial_options,financial_knowledge,investment_period,income_source,income_average,expenses_average,saving_plan,monthly_contribution
Azucena,Ayllón,718919,Rixjomh.povna@gmail.com,718919,69,Controlador de tráfico aéreo,Vivienda,Moderado,Ahorro,Opción ahorro,Avanzado,9,Dependiente,548843,412840,True,40
Andrés felipe,Rodrigo,797826,Cvlisikp.boeaf@yahoo.com,797826,38,Filósofos,Vacaciones,Conservador,Ahorro,Opción ahorro,Intermedio,12,Ambos,823536,473397,True,98
Amor,Figueras,617096,Dcii.cmmvcq@outlook.com,617096,69,Otros,Vivienda,Arriesgado,Inversión,Otros,Ninguno,6,Dependiente,828342,485594,True,59
Paz,Vicente,957587,Qcepsmwb.xhvukxg@hotmail.com,957587,48,Otros,Jubilación,Arriesgado,Inversión,ETFS,Ninguno,6,Dependiente,868632,506774,True,39
Epifanio,Alemán,120636,Rknj.rumyz@gmail.com,120636,24,Agrónomo,Vivienda,Conservador,Inversión,Acciones,Básico,9,Ambos,824883,772137,True,13
María,Vélez,771768,Jtdka.unglkjwg@outlook.com,771768,62,Policía,Otros,Moderado,Ahorro,Opción ahorro,Ninguno,6,Jubilación,790220,519032,True,93
Chucho,Castillo,134711,Fpenirt.xkhbq@outlook.com,134711,53,Psicólogos,Vacaciones,Conservador,Inversión,CDF,Intermedio,6,Jubilación,501050,410166,True,71
Mercedes,Galván,573330,Grqovee.ltgjsdcd@hotmail.com,573330,52,Filósofos,Educación,Arriesgado,Ahorro,Opción ahorro,Básico,12,Ambos,488801,389975,True,34
Álvaro,Sevilla,961627,Ftaic.qocvhw@hotmail.com,961627,24,Modelos de moda,Jubilación,Moderado,Ahorro,Opción ahorro,Básico,6,Independiente,850986,848159,True,59
Adelardo,Rivera,428325,Ukto.rfyilwa@outlook.com,428325,35,Fotógrafo,Otros,Moderado,Inversión,Acciones,Intermedio,12,Independiente,415712,348772,True,41
Atilio,Colomer,529628,Tyretjek.mppfycgqlw@yahoo.com,529628,47,Bibliotecario,Imprevistos,Moderado,Ahorro,Opción ahorro,Básico,12,Dependiente,726157,562111,True,51
Geraldo,Vendrell,440158,Cdghnmc.uyuieinyv@gmail.com,440158,32,Economista,Vivienda,Arriesgado,Ahorro,Opción ahorro,Avanzado,9,Independiente,310170,296842,True,64
Amando,Marín,157325,Vwkef.qyvok@hotmail.com,157325,64,Matemático,Vivienda,Conservador,Inversión,Bonos,Básico,9,Jubilación,299771,215435,True,85
Sofía,Herranz,991310,Dxbby.wmtuhq@yahoo.com,991310,31,Otros,Jubilación,Conservador,Inversión,ETFS,Avanzado,9,Ambos,417145,412215,True,79
Cebrián,Camacho,102410,Jqcg.wwztltaqq@outlook.com,102410,45,Cocinero,Jubilación,Moderado,Ahorro,Opción ahorro,Ninguno,3,Dependiente,473858,407035,True,39
Jordán,Torrent,731217,Oapruj.hieynzrxt@outlook.com,731217,37,Modelos de moda,Libertad financiera,Conservador,Inversión,Bonos,Básico,6,Independiente,821447,549129,True,87
René,Alarcón,880247,Jgtun.dfhvnbz@gmail.com,880247,28,Modelos de moda,Vivienda,Arriesgado,Ahorro,Opción ahorro,Ninguno,6,Independiente,645557,632649,True,32
Patricio,Lasa,697462,Rgkyox.esnur@yahoo.com,697462,44,Asistente veterinario,Otros,Conservador,Ahorro,Opción ahorro,Ninguno,3,Independiente,768333,398855,True,9
Dorotea,Rivas,263621,Aqratvmb.csqxpdgq@gmail.com,263621,52,Ingeniero químico,Libertad financiera,Arriesgado,Inversión,Otros,Intermedio,12,Ambos,882019,754020,True,22
Brígida,Peñas,410453,Yxwv.eegmlreom@hotmail.com,410453,37,Veterinario,Libertad financiera,Arriesgado,Ahorro,Opción ahorro,Básico,9,Independiente,588565,364027,True,95
Joaquín,Roldán,239700,Qbbljdkm.sijiazepcl@hotmail.com,239700,66,Ingeniero de telecomunicaciones,Jubilación,Moderado,Inversión,Otros,Ninguno,9,Jubilación,565813,515195,True,40
Emma,Sanabria,694445,Cgcrvkhm.nbiaqm@hotmail.com,694445,35,Matemático,Proyectos largo plazo,Arriesgado,Inversión,Otros,Ninguno,3,Ambos,858953,766039,True,65
Natalia,Galvez,945310,Szpwnly.biqzvppouq@yahoo.com,945310,63,Mozos y taberneros,Vacaciones,Arriesgado,Ahorro,Opción ahorro,Ninguno,9,Jubilación,776918,510375,True,70
Macaria,Marín,741358,Rwbqonxr.xbwppvdqn@outlook.com,741358,25,Músico,Vivienda,Moderado,Ahorro,Opción ahorro,Avanzado,12,Dependiente,339940,207689,True,52
Asunción,Conde,452028,Dubjmerk.skewn@outlook.com,452028,64,Directores general,Imprevistos,Moderado,Inversión,Bonos,Intermedio,9,Ambos,305870,158332,True,12
Hermenegildo,Gisbert,178034,Fhsabtr.osvpw@yahoo.com,178034,65,Catador,Imprevistos,Arriesgado,Inversión,Otros,Básico,3,Independiente,712758,440682,True,68
Jose ignacio,Alcántara,255277,Carugbo.ntpeyszvwd@outlook.com,255277,55,Filósofos,Vivienda,Moderado,Ahorro,Opción ahorro,Avanzado,9,Ambos,551752,482054,True,85
Flor,Arévalo,454478,Omkcg.ytwrmdy@yahoo.com,454478,55,Cartógrafos y agrimensores,Proyectos largo plazo,Conservador,Ahorro,Opción ahorro,Básico,3,Independiente,352442,208194,True,84
Herminia,Medina,317544,Silyp.meevlo@yahoo.com,317544,30,Agente de bolsa,Jubilación,Arriesgado,Ahorro,Opción ahorro,Intermedio,9,Independiente,593725,297976,True,80
Teodoro,Anaya,178980,Ntykhpg.ltccrict@yahoo.com,178980,40,Asistente veterinario,Libertad financiera,Conservador,Ahorro,Opción ahorro,Ninguno,12,Independiente,458701,438730,True,29
Albino,Oliveras,264705,Ckulaonz.hqabcfg@yahoo.com,264705,36,Directores general,Otros,Conservador,Inversión,CDF,Ninguno,9,Independiente,661268,518548,True,79
Cayetano,Rueda,174235,Wbvatuu.uemlcd@outlook.com,174235,52,Agente de viaje,Educación,Arriesgado,Ahorro,Opción ahorro,Ninguno,3,Ambos,756023,730373,True,36
Coral,Llorens,958995,Hlic.qycjbidy@outlook.com,958995,30,Operador de máquina,Vivienda,Moderado,Ahorro,Opción ahorro,Intermedio,3,Dependiente,830634,458221,True,33
Cecilia,Lucas,735736,Wtlput.oxgpaiwddm@gmail.com,735736,63,Actor,Vivienda,Moderado,Ahorro,Opción ahorro,Intermedio,9,Independiente,397553,395626,True,13
Octavio,Uriarte,119583,Aqxzfzl.trudxeu@gmail.com,119583,41,Piloto,Vivienda,Conservador,Inversión,ETFS,Ninguno,3,Dependiente,868301,472605,True,40
Merche,Hierro,920340,Xtrith.eehqdjpc@yahoo.com,920340,70,Agente inmobiliario,Vacaciones,Arriesgado,Inversión,Otros,Básico,9,Dependiente,838159,780637,True,21
Candelaria,Díaz,575640,Hbzz.cjaachn@yahoo.com,575640,38,Operadores de equipos ópticos y electrónicos,Otros,Moderado,Inversión,ETFS,Ninguno,6,Ambos,682395,546548,True,22
Miguel,Báez,447559,Fursaq.eqnoe@gmail.com,447559,53,Matemático,Libertad financiera,Conservador,Inversión,CDF,Avanzado,9,Jubilación,753284,684609,True,54
Buenaventura,Barrera,687385,Xnjugd.cvwkl@hotmail.com,687385,19,Ingeniero de telecomunicaciones,Libertad financiera,Conservador,Ahorro,Opción ahorro,Avanzado,6,Ambos,457234,357617,True,27
Pepita,Recio,134184,Dntnujl.uibjrut@hotmail.com,134184,23,Bombero,Imprevistos,Conservador,Ahorro,Opción ahorro,Básico,12,Independiente,665070,521984,True,85
Judith,Castro,897326,Cibjccko.dibdahcw@outlook.com,897326,48,Conductor,Proyectos largo plazo,Conservador,Inversión,Otros,Básico,9,Dependiente,500961,402763,True,29
Olimpia,Méndez,918814,Tgqngg.cnwyca@hotmail.com,918814,46,Ingeniero electricista,Vacaciones,Moderado,Inversión,CDF,Avanzado,9,Dependiente,854344,495184,True,93
Aurora,Sevilla,943393,Gnyv.tpvpuvn@hotmail.com,943393,68,Conserje,Educación,Arriesgado,Inversión,Bonos,Intermedio,9,Dependiente,853039,497328,True,51
Carmelita,Heras,423284,Trrqk.mvnclfbq@outlook.com,423284,31,Ingeniero electricista,Imprevistos,Arriesgado,Ahorro,Opción ahorro,Ninguno,3,Dependiente,897240,648880,True,61
Cristina,Villena,549818,Qkbec.okywleqgw@gmail.com,549818,40,Contador,Libertad financiera,Conservador,Ahorro,Opción ahorro,Intermedio,6,Dependiente,567043,369242,True,78
Yago,Jurado,284626,Xzinm.mydofb@outlook.com,284626,56,Fisioterapeuta,Imprevistos,Moderado,Inversión,Otros,Avanzado,9,Dependiente,896480,794120,True,15
María del carmen,Fuster,144221,Ojguz.jjleqhgkjx@outlook.com,144221,20,Directores general,Otros,Arriesgado,Ahorro,Opción ahorro,Intermedio,3,Dependiente,593759,442407,True,57
María,Torrens,751315,Qzcdyi.rhbuxk@gmail.com,751315,44,Controlador de tráfico aéreo,Proyectos largo plazo,Arriesgado,Inversión,ETFS,Intermedio,12,Dependiente,772533,460363,True,90
Jafet,Uriarte,692785,Iubnmgea.adkbalizy@yahoo.com,692785,45,Farmacéutico,Educación,Moderado,Ahorro,Opción ahorro,Avanzado,12,Independiente,673414,591378,True,53
Mayte,Ferreras,828210,Jqgbkk.zyazlaihyr@hotmail.com,828210,48,Ingeniero mecánico,Vacaciones,Arriesgado,Ahorro,Opción ahorro,Avanzado,9,Ambos,821610,628730,True,76
Carmen,Torrens,847724,Wyqncv.ngrvsf@hotmail.com,847724,29,Físicos,Proyectos largo plazo,Moderado,Inversión,CDEARS,Intermedio,3,Dependiente,425006,320156,True,5
Mario,Carballo,840438,Qpybtz.jbpyfa@yahoo.com,840438,29,Ingeniero mecánico,Proyectos largo plazo,Moderado,Inversión,Acciones,Intermedio,9,Dependiente,517166,336764,True,7
Encarnación,Sandoval,489311,Scdprvx.jkwrqgf@gmail.com,489311,68,Catador,Educación,Moderado,Inversión,CDF,Avanzado,12,Dependiente,411214,348598,True,91
Cristina,Peña,995153,Fmssyc.kthdz@hotmail.com,995153,62,Otros,Vacaciones,Conservador,Ahorro,Opción ahorro,Ninguno,3,Jubilación,873863,653549,True,82
Jose francisco,Talavera,249182,Zvgawv.skunspzrwr@gmail.com,249182,37,Ingenieros de minas,Vacaciones,Moderado,Ahorro,Opción ahorro,Avanzado,9,Independiente,839994,587528,True,88
Plácido,Vilanova,499982,Nxcij.hzrkysie@hotmail.com,499982,58,Policía,Libertad financiera,Conservador,Inversión,CDEARS,Básico,3,Ambos,598465,474706,True,76
David,Yáñez,919771,Peqf.jxswyia@hotmail.com,919771,21,Ingeniero civil,Vacaciones,Conservador,Ahorro,Opción ahorro,Básico,3,Dependiente,772673,682545,True,76
María carmen,Quirós,229883,Tquch.citnu@gmail.com,229883,65,Otros,Proyectos largo plazo,Arriesgado,Inversión,CDEARS,Básico,9,Independiente,800738,721385,True,29
Jose angel,Montesinos,601839,Kdnvad.mmexsnfmtg@yahoo.com,601839,66,Ingeniero electricista,Otros,Moderado,Ahorro,Opción ahorro,Básico,9,Independiente,456838,287598,True,64
Narcisa,Moles,951838,Tkntveg.nhlenxr@gmail.com,951838,55,Cocinero,Jubilación,Moderado,Inversión,Otros,Intermedio,12,Independiente,479919,470751,True,37
Gastón,Alemán,361157,Buixu.fjjapbd@gmail.com,361157,39,Físicos,Otros,Moderado,Inversión,CDEARS,Ninguno,9,Dependiente,409758,312407,True,18
Ainoa,Yuste,784032,Booq.btuzjmoaeg@yahoo.com,784032,25,Ingeniero civil,Otros,Moderado,Ahorro,Opción ahorro,Avanzado,3,Independiente,674163,534638,True,14
Nydia,Ponce,345648,Kwve.eqfwqjzv@yahoo.com,345648,45,Otros,Vivienda,Arriesgado,Inversión,Acciones,Avanzado,12,Ambos,336871,186908,True,62
Norberto,Maestre,177895,Nqjqx.ogvolqta@gmail.com,177895,58,Coreógrafo,Proyectos largo plazo,Arriesgado,Inversión,CDF,Avanzado,12,Ambos,728913,486046,True,69
Ruperta,Daza,912660,Ojkcg.otcwhoctq@gmail.com,912660,57,Agente de seguros,Proyectos largo plazo,Conservador,Ahorro,Opción ahorro,Básico,6,Ambos,774874,420994,True,21
Oriana,Noriega,978824,Lzzoyvsd.nabblszqq@hotmail.com,978824,59,Agente de bolsa,Vacaciones,Conservador,Inversión,ETFS,Avanzado,12,Independiente,612253,504070,True,84
Isidro,Casado,985550,Frlvg.mkxoqymmxf@yahoo.com,985550,46,Gerentes de empresas,Educación,Moderado,Ahorro,Opción ahorro,Básico,3,Independiente,706492,432468,True,19
Manolo,Berrocal,553100,Ntgkebe.oerhdghm@gmail.com,553100,49,Otros,Educación,Conservador,Ahorro,Opción ahorro,Ninguno,9,Independiente,774548,598907,True,76
Ambrosio,Tovar,243659,Jdfavxc.iuumxvapr@gmail.com,243659,61,Arquitecto,Educación,Moderado,Ahorro,Opción ahorro,Ninguno,3,Dependiente,361294,325479,True,58
Severiano,Martín,884773,Sixykahh.pyqni@yahoo.com,884773,44,Conductor,Vivienda,Conservador,Inversión,Bonos,Ninguno,6,Independiente,546621,305678,True,100
Gertrudis,Baeza,201084,Hliafs.jbkainy@outlook.com,201084,41,Controlador de tráfico aéreo,Educación,Arriesgado,Inversión,CDEARS,Avanzado,12,Dependiente,335579,199831,True,45
Francisco javier,Paniagua,590713,Nkumxjv.zoxzb@gmail.com,590713,56,Músico,Otros,Arriesgado,Inversión,ETFS,Avanzado,3,Independiente,440719,293234,True,84
Julio,Borrás,155071,Dzuujovj.nffiuvoea@outlook.com,155071,32,Modelos de moda,Libertad financiera,Moderado,Ahorro,Opción ahorro,Intermedio,3,Dependiente,700058,442873,True,27
Olimpia,Morcillo,349811,Sihecxmr.srtgi@hotmail.com,349811,19,Agrónomo,Proyectos largo plazo,Arriesgado,Inversión,CDF,Ninguno,9,Independiente,599770,503437,True,99
Baltasar,Escobar,669775,Vqsaaj.uonaxx@yahoo.com,669775,41,Agente de seguros,Otros,Conservador,Inversión,Otros,Avanzado,3,Dependiente,603429,511925,True,11
Gonzalo,Torrecilla,676269,Rtpw.mfqpwxgwqn@gmail.com,676269,29,Ingeniero civil,Proyectos largo plazo,Conservador,Inversión,ETFS,Ninguno,6,Ambos,698104,401885,True,9
Rico,Carpio,752064,Rikz.udrkw@hotmail.com,752064,34,Chapistas y caldereros,Otros,Conservador,Ahorro,Opción ahorro,Intermedio,6,Independiente,428120,307520,True,17
Eligio,Valle,340458,Sgdzclwi.pshcwnf@gmail.com,340458,49,Operador,Proyectos largo plazo,Arriesgado,Inversión,CDEARS,Básico,3,Dependiente,517752,498045,True,11
Agapito,Ramírez,445580,Kfwloscv.chhbgft@gmail.com,445580,62,Ingeniero mecánico,Imprevistos,Arriesgado,Inversión,ETFS,Intermedio,9,Ambos,740281,640856,True,82
Sabas,Cabeza,556361,Shbdwagj.iesnr@yahoo.com,556361,53,Actor,Educación,Conservador,Ahorro,Opción ahorro,Ninguno,12,Independiente,647309,370533,True,88
Jordi,Mora,110331,Vswqxp.hcylbkmi@hotmail.com,110331,64,Dentista,Libertad financiera,Conservador,Inversión,Otros,Básico,9,Ambos,725715,382787,True,36
Edgardo,Arellano,311297,Elcu.pdaxt@hotmail.com,311297,21,Fisioterapeuta,Imprevistos,Conservador,Ahorro,Opción ahorro,Intermedio,6,Dependiente,886044,568504,True,84
Bautista,Barreda,641401,Nhwa.msgem@gmail.com,641401,30,Sociólogos,Jubilación,Conservador,Ahorro,Opción ahorro,Básico,9,Dependiente,564612,365442,True,61
Judith,Fernández,825245,Euzlbgoh.fpmddxod@outlook.com,825245,67,Conserje,Libertad financiera,Conservador,Ahorro,Opción ahorro,Ninguno,9,Independiente,368566,243128,True,36
Emperatriz,Jara,949996,Bsoabgbu.voexo@yahoo.com,949996,55,Otros,Vacaciones,Arriesgado,Ahorro,Opción ahorro,Avanzado,3,Jubilación,686570,414602,True,11
Cayetano,Rosado,707040,Dzaqb.nkhqp@gmail.com,707040,70,Veterinario,Vacaciones,Moderado,Inversión,Acciones,Avanzado,9,Independiente,434227,251070,True,70
Priscila,Bravo,936399,Bmhm.pxuiw@yahoo.com,936399,51,Profesionales del trabajo social,Libertad financiera,Arriesgado,Inversión,ETFS,Intermedio,6,Independiente,494522,436436,True,15
Teobaldo,Paniagua,442536,Gxjjatc.jgfpey@yahoo.com,442536,42,Operadores de equipos ópticos y electrónicos,Educación,Arriesgado,Inversión,CDEARS,Básico,12,Independiente,688340,444799,True,55
Fulgencio,Pérez,903129,Acndc.hyhqvjbdwq@hotmail.com,903129,26,Fisioterapeuta,Jubilación,Moderado,Inversión,CDEARS,Intermedio,9,Ambos,416918,322829,True,11
Nazaret,Manjón,401972,Wpknrk.cxvhch@hotmail.com,401972,34,Ingeniero químico,Proyectos largo plazo,Moderado,Inversión,Acciones,Intermedio,9,Dependiente,363652,290846,True,17
Silvestre,Segura,689992,Vdqqjbat.qlgygda@hotmail.com,689992,41,Escritor,Vacaciones,Conservador,Ahorro,Opción ahorro,Básico,6,Dependiente,419096,211493,True,28
Julio césar,Lobato,252016,Dlaghs.gddglr@outlook.com,252016,25,Estadístico,Proyectos largo plazo,Moderado,Ahorro,Opción ahorro,Avanzado,12,Dependiente,875512,530632,True,94
Jacobo,Elías,688938,Qcocpo.tsoiiuzbl@yahoo.com,688938,58,Programador informático,Imprevistos,Conservador,Ahorro,Opción ahorro,Ninguno,12,Jubilación,605203,327375,True,36
Ángel,Nadal,229906,Dkvgr.mzrlz@outlook.com,229906,27,Agentes comerciales y corredores,Educación,Moderado,Ahorro,Opción ahorro,Avanzado,9,Ambos,289943,238574,True,50
Goyo,Marquez,912393,Pblbuuec.roxhekkz@yahoo.com,912393,60,Otros,Educación,Moderado,Ahorro,Opción ahorro,Intermedio,3,Independiente,747584,401565,True,12
Luis,Alcaraz,432656,Xqaxfafg.wrkphdkve@yahoo.com,432656,49,Bombero,Educación,Arriesgado,Ahorro,Opción ahorro,Avanzado,3,Jubilación,750159,521983,True,48
Prudencia,Adán,576958,Adngxfs.hszjzdom@gmail.com,576958,58,Locutores de radio y televisión y afines,Vacaciones,Conservador,Inversión,Otros,Ninguno,3,Ambos,703299,489927,True,74
Celestina,Arranz,788097,Eqlaorfr.cplmycgilk@yahoo.com,788097,42,Cocinero,Jubilación,Conservador,Ahorro,Opción ahorro,Intermedio,9,Independiente,681168,380123,True,2
Marcela,Tomás,435107,Ynoo.vlkagajtf@gmail.com,435107,32,Cartógrafos y agrimensores,Educación,Conservador,Inversión,Otros,Ninguno,12,Ambos,696231,444518,True,81
Lourdes,Serrano,330305,Dfqv.whfscwe@gmail.com,330305,45,Arquitecto,Jubilación,Moderado,Inversión,Acciones,Intermedio,9,Ambos,573913,494705,True,56
Desiderio,Duarte,192722,Pzvedagc.gyzna@hotmail.com,192722,19,Estudiante,Jubilación,Arriesgado,Ahorro,Opción ahorro,Ninguno,6,Independiente,398598,326268,True,19
Nazaret,Pujadas,422985,Lfcxfwy.uxjlysfuv@yahoo.com,422985,55,Farmacéutico,Otros,Moderado,Inversión,Acciones,Ninguno,3,Dependiente,601699,505479,True,10
Soledad,Palomo,610560,Ngmw.ekxughfpui@hotmail.com,610560,24,Geólogo,Jubilación,Moderado,Ahorro,Opción ahorro,Intermedio,12,Dependiente,407859,315893,True,91
Íñigo,Olivé,260225,Viveuig.zjfqpgsc@hotmail.com,260225,69,Arquitecto,Jubilación,Conservador,Ahorro,Opción ahorro,Básico,12,Jubilación,291725,273032,True,77
Raquel,Ros,367403,Zsyew.sffvswtgg@hotmail.com,367403,55,Biólogo,Libertad financiera,Arriesgado,Inversión,ETFS,Intermedio,12,Jubilación,409576,261854,True,91
Mar,Quirós,279731,Hfcs.pqvdluc@outlook.com,279731,49,Piloto,Libertad financiera,Conservador,Inversión,Acciones,Intermedio,9,Independiente,719176,684462,True,33
Francisco javier,Perera,741358,Gecbipzl.jisnaeqxt@outlook.com,741358,51,Estadístico,Imprevistos,Conservador,Ahorro,Opción ahorro,Básico,12,Ambos,497814,251326,True,6
Graciana,Escrivá,752654,Ycpst.tafzblszcq@yahoo.com,752654,23,Otros,Libertad financiera,Moderado,Inversión,Acciones,Intermedio,3,Dependiente,324120,282689,True,36
Nélida,Amorós,664579,Zogr.quoqqj@hotmail.com,664579,35,Ingenieros de minas,Vacaciones,Arriesgado,Ahorro,Opción ahorro,Ninguno,9,Independiente,873286,604612,True,8
Francisco,Font,431842,Mzpzyn.ssyphqdri@gmail.com,431842,32,Directores general,Libertad financiera,Conservador,Inversión,CDF,Ninguno,12,Dependiente,824131,807836,True,15
Dafne,Roca,915429,Gexd.ynwmoyv@yahoo.com,915429,62,Operador,Imprevistos,Moderado,Inversión,Otros,Intermedio,3,Jubilación,376824,373930,True,84
Alondra,Salas,733080,Iyucjr.pnalfkur@gmail.com,733080,38,Veterinario,Libertad financiera,Moderado,Ahorro,Opción ahorro,Ninguno,9,Independiente,487277,340109,True,83
Ofelia,Amo,545768,Johgh.uwktyw@yahoo.com,545768,25,Cartógrafos y agrimensores,Educación,Arriesgado,Inversión,CDEARS,Básico,3,Independiente,768305,696541,True,53
Marciano,Vallejo,352086,Wourrwj.jmlgqyc@yahoo.com,352086,53,Dentista,Otros,Conservador,Inversión,CDF,Ninguno,6,Dependiente,613620,493460,True,19
Graciela,Hervia,489169,Btqcjr.hofjsvbjva@hotmail.com,489169,36,Cocinero,Vacaciones,Conservador,Ahorro,Opción ahorro,Básico,9,Independiente,535604,487695,True,56
Nilo,Echeverría,237217,Zqpbjiuf.ewguoisxvb@hotmail.com,237217,66,Técnicos en seguridad aeronáutica,Proyectos largo plazo,Moderado,Inversión,Bonos,Avanzado,9,Dependiente,758405,414844,True,50
Lorenza,Jerez,667521,Xtry.pmfjot@outlook.com,667521,50,Otros,Imprevistos,Moderado,Inversión,CDEARS,Básico,6,Dependiente,556395,467235,True,61
Yéssica,Bru,790203,Tfuu.hfzikvp@outlook.com,790203,32,Veterinario,Proyectos largo plazo,Arriesgado,Ahorro,Opción ahorro,Ninguno,12,Independiente,811962,733498,True,63
Aarón,Cuevas,252745,Vlrw.uehwqdhmv@outlook.com,252745,28,Agentes público,Otros,Moderado,Ahorro,Opción ahorro,Avanzado,3,Dependiente,504672,427515,True,83
Matilde,Aparicio,336955,Saimsy.ctinec@yahoo.com,336955,47,Actor,Vacaciones,Conservador,Ahorro,Opción ahorro,Básico,6,Independiente,747652,489452,True,18
Ester,Asensio,919912,Srojkk.ibvrkltlnz@hotmail.com,919912,21,Personal doméstico,Libertad financiera,Moderado,Ahorro,Opción ahorro,Intermedio,3,Dependiente,388370,233856,True,60
Emiliana,Ibarra,179964,Bwcr.awlpe@gmail.com,179964,62,Contador,Proyectos largo plazo,Arriesgado,Ahorro,Opción ahorro,Avanzado,6,Independiente,718752,655131,True,10
América,Arco,810384,Vosouu.wcnyx@yahoo.com,810384,70,Conductor,Vacaciones,Arriesgado,Ahorro,Opción ahorro,Avanzado,12,Independiente,635550,500182,True,52
Vito,Espada,847403,Sxnwll.pnbihk@outlook.com,847403,42,Mozos y taberneros,Vacaciones,Conservador,Ahorro,Opción ahorro,Básico,12,Ambos,521863,508954,True,49
Chus,Doménech,615319,Omoeidi.yqdbjqh@hotmail.com,615319,29,Mecánico,Vivienda,Conservador,Inversión,ETFS,Ninguno,9,Independiente,483025,283211,True,85
Marcial,Jordá,200070,Ychctz.tgkhrlla@gmail.com,200070,50,Veterinario,Otros,Moderado,Ahorro,Opción ahorro,Intermedio,6,Independiente,765220,408134,True,27
Rufino,Arranz,137471,Wqdxpkcn.nyputwzh@gmail.com,137471,64,Creadores y analistas de sistemas informáticos,Jubilación,Arriesgado,Inversión,Bonos,Avanzado,12,Dependiente,435171,225444,True,89
Leocadia,Pintor,215038,Hebaf.uubmb@yahoo.com,215038,30,Sociólogos,Vivienda,Conservador,Inversión,CDEARS,Avanzado,12,Dependiente,721996,476711,True,89
Efraín,Barbero,266211,Qcuaxjxl.xtetvrsow@yahoo.com,266211,37,Fisioterapeuta,Libertad financiera,Conservador,Inversión,CDF,Básico,9,Ambos,642037,550332,True,5
Mariana,Arjona,260066,Ibxfvs.ncwtdqjlel@yahoo.com,260066,37,Locutores de radio y televisión y afines,Jubilación,Arriesgado,Ahorro,Opción ahorro,Básico,6,Dependiente,647534,638411,True,91
Anabel,Piquer,129863,Vqcxh.vqiixfbz@outlook.com,129863,56,Cocinero,Jubilación,Moderado,Ahorro,Opción ahorro,Avanzado,12,Independiente,355286,304917,True,6
Rafa,Sanchez,385310,Qcosfckj.ycglqdaef@gmail.com,385310,31,Agentes comerciales y corredores,Otros,Conservador,Inversión,Bonos,Intermedio,12,Independiente,701593,678307,True,51
Sol,Blanes,424920,Eslkfee.txnmskl@gmail.com,424920,21,Actor,Libertad financiera,Conservador,Inversión,CDEARS,Avanzado,6,Ambos,567143,545402,True,49
Cloe,Melero,141829,Bpufxdi.ezffbgvf@outlook.com,141829,24,Otros,Vacaciones,Moderado,Inversión,Bonos,Básico,12,Ambos,773368,532320,True,52
Pepito,Carnero,549537,Qmdtrbiz.gqzgh@hotmail.com,549537,51,Personal doméstico,Proyectos largo plazo,Conservador,Inversión,ETFS,Intermedio,3,Independiente,789858,626705,True,63
Reyes,Cabeza,972038,Eptyquky.zmiee@outlook.com,972038,64,Programador informático,Educación,Conservador,Ahorro,Opción ahorro,Avanzado,6,Independiente,414482,389203,True,72
Candelas,Berrocal,587080,Ylcoujip.sxlbazds@hotmail.com,587080,59,Agente inmobiliario,Imprevistos,Conservador,Inversión,CDEARS,Ninguno,12,Dependiente,676516,592159,True,74
Telmo,Fabregat,861767,Woprisb.ooajdk@yahoo.com,861767,46,Químico,Otros,Conservador,Inversión,CDF,Ninguno,6,Dependiente,693818,579989,True,59
Prudencia,Gisbert,716299,Fnaji.ydhcboytc@hotmail.com,716299,25,Farmacéutico,Otros,Moderado,Ahorro,Opción ahorro,Ninguno,9,Independiente,344529,262103,True,98
Mario,Pomares,495953,Qzukkze.ithikpuagu@hotmail.com,495953,54,Fotógrafo,Libertad financiera,Arriesgado,Inversión,Bonos,Básico,9,Independiente,535221,413842,True,34
Clotilde,Cabrera,706519,Enjuwmb.jivmfz@outlook.com,706519,59,Psicólogos,Vacaciones,Arriesgado,Inversión,Bonos,Avanzado,6,Dependiente,558302,425509,True,94
Toño,Ródenas,457596,Eozb.okpvycr@yahoo.com,457596,70,Agricultor,Proyectos largo plazo,Moderado,Ahorro,Opción ahorro,Ninguno,12,Ambos,347267,193614,True,6
Cosme,Vega,594400,Ytqkt.xvrwphe@gmail.com,594400,45,Abogado,Vivienda,Conservador,Inversión,CDF,Intermedio,6,Ambos,838855,466787,True,85
Néstor,Urrutia,555742,Rckidll.ldhandy@outlook.com,555742,41,Locutores de radio y televisión y afines,Vacaciones,Arriesgado,Inversión,CDEARS,Ninguno,12,Ambos,852569,624819,True,66
Camila,Saavedra,478756,Vmjdjf.pbttzdzk@gmail.com,478756,49,Otros,Libertad financiera,Moderado,Ahorro,Opción ahorro,Básico,3,Jubilación,848739,808591,True,39
Juan pablo,Gelabert,608306,Tbtyftji.tynwpjht@gmail.com,608306,52,Chapistas y caldereros,Jubilación,Conservador,Ahorro,Opción ahorro,Ninguno,6,Ambos,335215,306192,True,2
Marcos,Mayol,912272,Gktyeqew.nwmkeu@yahoo.com,912272,29,Arquitecto,Educación,Moderado,Inversión,Otros,Básico,9,Ambos,757533,741082,True,15
Toño,Fernandez,170195,Teyt.ubgjnroxlf@hotmail.com,170195,47,Conserje,Educación,Conservador,Inversión,Otros,Intermedio,9,Ambos,722848,696528,True,62
Felix,Mateo,141873,Epgmfh.hturdaf@gmail.com,141873,35,Piloto,Educación,Conservador,Ahorro,Opción ahorro,Básico,3,Dependiente,439539,404849,True,72
Gala,Castejón,157923,Bpug.kruyhwxzkc@outlook.com,157923,35,Abogado,Vacaciones,Conservador,Ahorro,Opción ahorro,Ninguno,9,Dependiente,817200,514629,True,41
Lucía,Donoso,241505,Wkwc.irwfe@hotmail.com,241505,26,Veterinario,Libertad financiera,Conservador,Inversión,Acciones,Intermedio,6,Independiente,337661,261388,True,73
Roberta,Salinas,482782,Cnmdo.rkyijetodm@outlook.com,482782,25,Fisioterapeuta,Jubilación,Arriesgado,Ahorro,Opción ahorro,Ninguno,3,Ambos,736872,677144,True,14
Miguela,Núñez,663037,Ojfscjg.lzwnhppfwx@outlook.com,663037,54,Programador informático,Vacaciones,Arriesgado,Inversión,Acciones,Avanzado,12,Independiente,641788,407165,True,5
Caridad,Iñiguez,580722,Ghfjvo.hfjjpfueno@hotmail.com,580722,33,Otros,Imprevistos,Moderado,Ahorro,Opción ahorro,Ninguno,6,Dependiente,396674,275735,True,66
Gabriela,Luque,889988,Zykppccl.fiuxsqs@gmail.com,889988,68,Personal doméstico,Jubilación,Conservador,Inversión,Acciones,Intermedio,6,Jubilación,372502,334243,True,24
Consuelo,Bautista,592126,Xucbcu.eliryjnw@hotmail.com,592126,50,Economista,Proyectos largo plazo,Arriesgado,Ahorro,Opción ahorro,Intermedio,3,Ambos,788316,535821,True,74
Noé,Martin,590645,Xljfbn.rzylecyk@yahoo.com,590645,30,Otros,Proyectos largo plazo,Conservador,Ahorro,Opción ahorro,Intermedio,9,Jubilación,314389,233404,True,65
Rosenda,Varela,875810,Tlmwymy.kpirszp@gmail.com,875810,40,Modelos de moda,Otros,Moderado,Ahorro,Opción ahorro,Avanzado,6,Ambos,309465,297996,True,93
Tere,Castilla,951602,Vhujyhlg.ettmrbcwmi@gmail.com,951602,49,Ingeniero civil,Libertad financiera,Moderado,Inversión,Otros,Intermedio,12,Dependiente,394237,215823,True,49
María dolores,Cerdán,832552,Fjln.tmdxyuipzy@yahoo.com,832552,64,Otros,Libertad financiera,Arriesgado,Inversión,Otros,Intermedio,9,Independiente,875339,841578,True,37
Maricela,Abellán,985176,Uwewfgjp.hcxhxv@yahoo.com,985176,27,Técnico,Vacaciones,Arriesgado,Inversión,ETFS,Avanzado,3,Ambos,282667,234657,True,6
Eli,Martin,149287,Olcmasil.jtoosiky@yahoo.com,149287,20,Coreógrafo,Vacaciones,Conservador,Ahorro,Opción ahorro,Básico,9,Dependiente,287813,239407,True,74
Carina,Hernando,213387,Uajpn.tepqitmsk@yahoo.com,213387,24,Piloto,Otros,Conservador,Inversión,ETFS,Intermedio,12,Dependiente,536766,298942,True,65
Casandra,Guijarro,945842,Djvliln.juvxy@gmail.com,945842,46,Agente de seguros,Vacaciones,Conservador,Ahorro,Opción ahorro,Básico,3,Dependiente,620994,379477,True,27
Hernán,Baquero,557378,Ujygbyu.hymzsfq@gmail.com,557378,60,Físicos,Jubilación,Moderado,Inversión,ETFS,Ninguno,6,Ambos,490910,264046,True,75
Corona,Blazquez,125549,Zqigc.uoaoxyvtor@hotmail.com,125549,38,Fotógrafo,Otros,Moderado,Inversión,CDEARS,Intermedio,6,Ambos,899213,656627,True,76
Ignacio,Riquelme,800681,Tcyph.iplnfjsw@outlook.com,800681,23,Estudiante,Libertad financiera,Arriesgado,Ahorro,Opción ahorro,Básico,12,Independiente,646469,605765,True,55
Macarena,Adadia,333303,Zzsmqtv.aktcd@gmail.com,333303,26,Físicos,Vivienda,Arriesgado,Ahorro,Opción ahorro,Intermedio,3,Dependiente,433662,269627,True,34
Álvaro,Albero,223506,Rrlm.ewgfprl@gmail.com,223506,20,Recepcionista,Educación,Conservador,Ahorro,Opción ahorro,Básico,9,Dependiente,313700,193504,True,80
Eulalia,Vila,408204,Wialksch.wtqpouje@yahoo.com,408204,30,Ingeniero de telecomunicaciones,Jubilación,Arriesgado,Ahorro,Opción ahorro,Avanzado,3,Independiente,446278,276450,True,34
Carmina,Vargas,386587,Oxlbggxz.ndxuwimzn@outlook.com,386587,50,Mecánico,Proyectos largo plazo,Arriesgado,Inversión,Bonos,Ninguno,6,Independiente,655273,434119,True,65
Nicodemo,Sureda,465231,Cdslckyv.zsbkhgs@yahoo.com,465231,49,Bombero,Vacaciones,Conservador,Inversión,Otros,Ninguno,12,Ambos,632065,493966,True,71
Íngrid,Rozas,214190,Gmlu.ygwns@hotmail.com,214190,24,Agente de bolsa,Jubilación,Conservador,Inversión,Bonos,Básico,12,Ambos,688285,460906,True,52
Mercedes,Fernandez,404727,Lxicdtc.swzrt@hotmail.com,404727,36,Otros,Proyectos largo plazo,Conservador,Inversión,ETFS,Avanzado,6,Ambos,436150,335154,True,64
Leandro,Barba,869556,Lahaviwk.uexonnso@hotmail.com,869556,24,Modelos de moda,Vacaciones,Conservador,Inversión,Otros,Ninguno,9,Ambos,622710,478805,True,8
Isidro,Navarrete,119471,Jpqzjbyw.aitzicvlmc@yahoo.com,119471,34,Chapistas y caldereros,Imprevistos,Conservador,Inversión,Bonos,Avanzado,3,Dependiente,499041,284211,True,83
Silvia,Menéndez,124739,Hhsko.fewmuk@gmail.com,124739,43,Arquitecto,Vivienda,Conservador,Inversión,Otros,Avanzado,9,Dependiente,710947,705309,True,23
Febe,Montes,715320,Fmsv.mbmqagvb@hotmail.com,715320,28,Agente de bolsa,Otros,Arriesgado,Ahorro,Opción ahorro,Intermedio,9,Dependiente,730768,423729,True,10
Samanta,Fuentes,861516,Plrn.xyhbtbnec@yahoo.com,861516,19,Compositor,Proyectos largo plazo,Conservador,Ahorro,Opción ahorro,Avanzado,3,Dependiente,321289,236074,True,71
América,Guardia,808856,Fvrgegji.oaljo@yahoo.com,808856,37,Agente inmobiliario,Imprevistos,Moderado,Ahorro,Opción ahorro,Básico,9,Ambos,472451,447576,True,13
Gerónimo,Ropero,481134,Zevmn.jqwnbco@outlook.com,481134,23,Actor,Imprevistos,Arriesgado,Ahorro,Opción ahorro,Ninguno,6,Independiente,813410,745727,True,15
Edelmira,Perales,542535,Pxiu.kygphb@hotmail.com,542535,32,Otros,Proyectos largo plazo,Conservador,Inversión,Acciones,Básico,6,Independiente,797740,747777,True,14
Natalia,Larrea,372800,Vtehnanh.dxvwalju@yahoo.com,372800,40,Operador,Educación,Moderado,Inversión,CDF,Avanzado,12,Independiente,591863,581301,True,16
Oriana,Cortina,474193,Skjkhe.kpbnaiw@yahoo.com,474193,25,Médico,Vacaciones,Arriesgado,Ahorro,Opción ahorro,Intermedio,12,Ambos,706972,560396,True,65
Ana,Madrigal,536371,Wkccro.dmixwpdsd@outlook.com,536371,24,Músico,Imprevistos,Arriesgado,Ahorro,Opción ahorro,Ninguno,3,Independiente,351054,267841,True,78
Juan bautista,Falcó,803817,Xruhssb.ivmbu@yahoo.com,803817,30,Psicólogos,Proyectos largo plazo,Moderado,Inversión,ETFS,Básico,9,Independiente,430071,342019,True,84
Jose carlos,Dueñas,915937,Uwgdxwe.uvebrllf@hotmail.com,915937,50,Operador,Vivienda,Moderado,Inversión,ETFS,Básico,6,Ambos,582815,320461,True,100
Regina,Pavón,422177,Jhggdh.ajbcyc@gmail.com,422177,38,Químico,Jubilación,Arriesgado,Ahorro,Opción ahorro,Avanzado,6,Dependiente,373514,238487,True,55
Danilo,Moliner,309023,Opcq.vebnoyafi@yahoo.com,309023,58,Piloto,Imprevistos,Moderado,Ahorro,Opción ahorro,Avanzado,9,Independiente,677291,576777,True,5
Clemente,Ortiz,562851,Typpnsup.wddchub@gmail.com,562851,29,Ingeniero mecánico,Otros,Moderado,Inversión,CDEARS,Ninguno,6,Dependiente,839700,654836,True,30
Jose,Alcázar,890970,Ucefpg.jmakouhlql@gmail.com,890970,53,Personal doméstico,Vivienda,Arriesgado,Inversión,Otros,Avanzado,3,Ambos,826847,572699,True,4
Norberto,Briones,594803,Xqyomc.hqkwji@outlook.com,594803,22,Bombero,Imprevistos,Moderado,Inversión,Acciones,Ninguno,9,Dependiente,525771,345925,True,38
Jacinto,Alba,820415,Mkhol.knbxv@yahoo.com,820415,43,Otros,Jubilación,Arriesgado,Ahorro,Opción ahorro,Básico,12,Independiente,410980,295805,True,9
Trinidad,Heras,439075,Apyhay.mgmrt@yahoo.com,439075,48,Otros,Jubilación,Conservador,Ahorro,Opción ahorro,Básico,6,Ambos,652001,558189,True,6
Noa,Pozuelo,940677,Xzjnc.nfujgwube@gmail.com,940677,35,Soldador,Proyectos largo plazo,Conservador,Ahorro,Opción ahorro,Ninguno,6,Independiente,381240,353722,True,88
María jesús,Martin,496978,Raykxee.pcnoel@outlook.com,496978,64,Agente de seguros,Proyectos largo plazo,Arriesgado,Ahorro,Opción ahorro,Avanzado,3,Jubilación,659293,396968,True,19
Cristina,Peral,691106,Ditn.vdpyepfpov@outlook.com,691106,38,Otros,Jubilación,Conservador,Ahorro,Opción ahorro,Básico,12,Dependiente,763532,438906,True,85
Aarón,Galan,872709,Iryoug.ylwccdp@hotmail.com,872709,61,Físicos,Proyectos largo plazo,Moderado,Inversión,ETFS,Intermedio,12,Dependiente,608666,463418,True,89
Lorena,Amador,878109,Vxkqoap.pdhdnivwoo@yahoo.com,878109,59,Agentes público,Vivienda,Moderado,Ahorro,Opción ahorro,Básico,9,Dependiente,320845,255734,True,45
Geraldo,Puente,815936,Ystcxnhd.esspkxl@gmail.com,815936,26,Agentes público,Vacaciones,Conservador,Ahorro,Opción ahorro,Básico,3,Ambos,865662,572865,True,18
Noa,Moya,439736,Oekt.cfkgffncfe@outlook.com,439736,38,Ingeniero químico,Educación,Conservador,Ahorro,Opción ahorro,Intermedio,3,Ambos,501795,272702,True,90
Ester,Córdoba,640013,Pdzkcqn.zpfaswftor@yahoo.com,640013,65,Otros,Libertad financiera,Moderado,Inversión,CDF,Intermedio,6,Jubilación,838684,637498,True,59
Bernardo,Murcia,615639,Lkve.flffrtpmsl@hotmail.com,615639,42,Químico,Educación,Conservador,Inversión,ETFS,Intermedio,12,Independiente,708132,435679,True,37
Febe,Jaén,615109,Klesb.jqnmn@gmail.com,615109,69,Operador de máquina,Jubilación,Conservador,Inversión,CDF,Básico,12,Jubilación,376770,306709,True,15
Paca,Roma,299763,Wqgfy.dxdlpolxeg@outlook.com,299763,41,Otros,Proyectos largo plazo,Conservador,Ahorro,Opción ahorro,Básico,3,Ambos,612839,558034,True,57
Felipe,Gálvez,545602,Ywuszpsf.jzobx@gmail.com,545602,55,Agentes comerciales y corredores,Educación,Arriesgado,Inversión,Acciones,Básico,3,Dependiente,749862,699701,True,4
Xiomara,Alvarez,947881,Mdrth.vipvjsvy@gmail.com,947881,24,Personal doméstico,Otros,Conservador,Ahorro,Opción ahorro,Intermedio,12,Ambos,738616,452080,True,26
Rufina,Villaverde,746259,Bynwkx.aczwykfek@hotmail.com,746259,21,Farmacólogos,Imprevistos,Moderado,Ahorro,Opción ahorro,Intermedio,3,Independiente,294266,156797,True,3
Marc,Múñiz,352412,Kfomwfz.ovjmfbie@yahoo.com,352412,61,Conductor,Vivienda,Moderado,Ahorro,Opción ahorro,Básico,6,Dependiente,760358,662364,True,16
Atilio,Figuerola,277929,Uifxpaxx.xchbma@outlook.com,277929,67,Personal doméstico,Proyectos largo plazo,Moderado,Inversión,Otros,Intermedio,9,Ambos,498350,293188,True,9
Lucía,Corbacho,135092,Enupb.unhxmw@yahoo.com,135092,43,Profesor,Libertad financiera,Conservador,Inversión,ETFS,Intermedio,12,Independiente,757857,420391,True,16
Juana,Velázquez,497612,Ugrbelx.dswgcpbpy@yahoo.com,497612,68,Ingeniero de telecomunicaciones,Educación,Moderado,Inversión,ETFS,Intermedio,12,Dependiente,311095,195782,True,6
Feliciano,Mateu,245791,Binn.slmyzqzvvg@hotmail.com,245791,47,Locutores de radio y televisión y afines,Proyectos largo plazo,Moderado,Inversión,ETFS,Intermedio,3,Independiente,819285,664541,True,54
Clímaco,Zurita,238941,Cquuap.vnxksssn@gmail.com,238941,66,Ingeniero civil,Otros,Moderado,Ahorro,Opción ahorro,Intermedio,3,Independiente,415260,344451,True,6
Alba,Bueno,395868,Ezrcn.nmaqt@gmail.com,395868,60,Policía,Proyectos largo plazo,Moderado,Ahorro,Opción ahorro,Básico,9,Independiente,718259,568166,True,75
Epifanio,Lobato,918471,Wzddcsoa.mihxya@outlook.com,918471,29,Agentes público,Otros,Moderado,Ahorro,Opción ahorro,Intermedio,3,Dependiente,414304,400427,True,83
Alejandro,Hoz,245785,Pdmm.rywnxnjkz@hotmail.com,245785,25,Piloto,Vivienda,Arriesgado,Ahorro,Opción ahorro,Intermedio,12,Independiente,404310,306004,True,15
Damián,Ortega,905300,Emwit.ptqinkfbfg@outlook.com,905300,32,Agrónomo,Jubilación,Arriesgado,Inversión,Otros,Intermedio,3,Dependiente,383201,356427,True,10
Mariana,Pujol,988740,Emqas.ownecfcgbe@gmail.com,988740,24,Operadores de equipos de radiodifusión,Jubilación,Arriesgado,Inversión,CDEARS,Avanzado,3,Dependiente,775335,428900,True,86
Roberto,Pla,995833,Awsql.kczwts@hotmail.com,995833,24,Matemático,Educación,Arriesgado,Ahorro,Opción ahorro,Intermedio,9,Ambos,454001,285531,True,51
Fabiana,Vera,395282,Cpbyw.mszjxxw@hotmail.com,395282,52,Filósofos,Otros,Conservador,Inversión,CDF,Básico,12,Ambos,573242,300978,True,34
Mirta,Ferrández,619651,Vrwcw.bfhmfcys@hotmail.com,619651,41,Otros,Libertad financiera,Moderado,Ahorro,Opción ahorro,Intermedio,3,Independiente,687263,448328,True,29
Ruy,Corominas,875070,Bdoz.hporhfcdof@gmail.com,875070,66,Asistente veterinario,Vacaciones,Conservador,Inversión,ETFS,Intermedio,9,Dependiente,739178,670212,True,29
Fabiana,Pellicer,201707,Rfmormd.rwkklmtnj@yahoo.com,201707,66,Otros,Vacaciones,Moderado,Inversión,CDF,Intermedio,6,Jubilación,522028,395491,True,2
Inocencio,Gómez,717314,Iatjzwx.kvose@yahoo.com,717314,49,Directores general,Imprevistos,Moderado,Inversión,CDF,Ninguno,3,Ambos,493601,321069,True,44
Francisco,Somoza,246297,Cllgnylf.yloci@outlook.com,246297,41,Operador de máquina,Educación,Arriesgado,Inversión,ETFS,Intermedio,6,Ambos,804846,508245,True,85
María,Gomila,156379,Tjoq.fgkmjgnbh@outlook.com,156379,23,Cartógrafos y agrimensores,Imprevistos,Moderado,Inversión,ETFS,Ninguno,6,Independiente,309935,306797,True,13
Chita,Cepeda,173500,Qazkemvq.pvbaqrhsmv@hotmail.com,173500,47,Asistente veterinario,Jubilación,Conservador,Ahorro,Opción ahorro,Avanzado,3,Ambos,819805,764734,True,14
Máximo,Díez,467218,Nyai.wwajnlrbbz@hotmail.com,467218,23,Mozos y taberneros,Vacaciones,Arriesgado,Inversión,CDEARS,Intermedio,3,Dependiente,714448,641390,True,65
Vinicio,Tejera,513799,Agfaoeee.pchjvyd@hotmail.com,513799,37,Ingeniero electricista,Vacaciones,Arriesgado,Inversión,ETFS,Básico,3,Dependiente,575807,557249,True,81
Pepita,Muro,439975,Bnvfwxj.misjm@hotmail.com,439975,50,Agente de viaje,Educación,Arriesgado,Inversión,Otros,Avanzado,12,Ambos,315608,281100,True,29
Ágata,Vera,616046,Kvatax.mgfzuaii@outlook.com,616046,30,Músico,Educación,Moderado,Ahorro,Opción ahorro,Básico,9,Independiente,435334,310226,True,16
Nicodemo,Briones,490535,Tdxg.przncqcydn@yahoo.com,490535,63,Otros,Libertad financiera,Arriesgado,Inversión,CDF,Intermedio,12,Independiente,851469,812753,True,22
Palmira,Río,283842,Ixtb.hmbfmzwcyt@hotmail.com,283842,26,Farmacéutico,Vivienda,Moderado,Inversión,CDF,Ninguno,3,Independiente,336232,265613,True,31
Maximiliano,Peral,105565,Jaykq.qoqhpvx@hotmail.com,105565,36,Gerentes de empresas,Libertad financiera,Moderado,Inversión,CDEARS,Básico,6,Independiente,405352,319715,True,40
Felicia,Benavent,982684,Eexwrgup.baphmwyp@hotmail.com,982684,57,Actor,Imprevistos,Arriesgado,Inversión,ETFS,Ninguno,9,Dependiente,687457,409350,True,4
Manuel,Piña,874029,Sjpwndv.opcfakbihe@hotmail.com,874029,62,Programador informático,Libertad financiera,Conservador,Ahorro,Opción ahorro,Intermedio,6,Dependiente,525115,336545,True,9
Manolo,Bermejo,138696,Jigxuj.cpusfii@gmail.com,138696,63,Agente de bolsa,Vivienda,Moderado,Ahorro,Opción ahorro,Básico,3,Independiente,629272,543540,True,45
Toni,Aguilera,855546,Mlxic.yjydr@hotmail.com,855546,34,Ingenieros de minas,Proyectos largo plazo,Arriesgado,Ahorro,Opción ahorro,Intermedio,6,Dependiente,357678,183246,True,88
Lupita,Noriega,750350,Xsfml.wdyvfzjhn@gmail.com,750350,54,Farmacólogos,Proyectos largo plazo,Conservador,Ahorro,Opción ahorro,Básico,6,Dependiente,432712,281652,True,37
Nicanor,Abascal,702310,Lvagcyh.dudktemhj@yahoo.com,702310,44,Odontólogo,Educación,Arriesgado,Inversión,Acciones,Básico,12,Ambos,360061,249825,True,87
Eulalia,Iglesia,703660,Sgssbzju.aupaftzukm@outlook.com,703660,69,Agrónomo,Proyectos largo plazo,Conservador,Ahorro,Opción ahorro,Ninguno,6,Independiente,531867,523480,True,44
Modesto,Rivera,813621,Apsc.rtswimqc@outlook.com,813621,27,Farmacéutico,Vacaciones,Conservador,Inversión,Otros,Básico,12,Independiente,874521,719331,True,52
Lara,Carbajo,986212,Uaczm.rgzthuqif@yahoo.com,986212,52,Ingenieros de minas,Libertad financiera,Conservador,Inversión,CDEARS,Básico,12,Independiente,794873,705962,True,84
Marcos,Grau,780533,Pqgsmic.bwkfp@hotmail.com,780533,65,Veterinario,Vacaciones,Moderado,Ahorro,Opción ahorro,Avanzado,6,Dependiente,443964,254008,True,14
Gervasio,Roldán,933506,Akytpz.lmkufrrzmd@gmail.com,933506,59,Otros,Proyectos largo plazo,Arriesgado,Ahorro,Opción ahorro,Intermedio,12,Ambos,343881,316449,True,17
Maricela,Palomares,480421,Lqbdbm.yotrv@hotmail.com,480421,57,Diseñador de interiores,Imprevistos,Conservador,Ahorro,Opción ahorro,Básico,6,Independiente,417661,221365,True,18
Apolonia,Zapata,104374,Ohdymsp.gumjcx@gmail.com,104374,45,Otros,Vacaciones,Arriesgado,Inversión,Acciones,Básico,9,Dependiente,662504,340821,True,85
Agustín,Llopis,705027,Ahkdasq.hzjnfdlsj@gmail.com,705027,49,Odontólogo,Educación,Moderado,Inversión,Acciones,Ninguno,3,Independiente,402251,314367,True,11
Ruperto,Porras,911315,Jhpbzh.pofhxi@gmail.com,911315,42,Químico,Imprevistos,Conservador,Ahorro,Opción ahorro,Ninguno,3,Jubilación,549481,308170,True,2
Anselma,Colom,551741,Kkgxate.tfvydibn@hotmail.com,551741,46,Conductor,Otros,Arriesgado,Inversión,Otros,Básico,3,Dependiente,397724,249203,True,29
Bruno,Ariza,679173,Nxoi.yoqmjwzbzw@yahoo.com,679173,53,Secretaria,Proyectos largo plazo,Conservador,Inversión,Otros,Intermedio,6,Independiente,698144,582230,True,80
Eusebio,Escribano,408290,Rbbycgy.igeawmr@gmail.com,408290,22,Arquitecto,Educación,Arriesgado,Ahorro,Opción ahorro,Avanzado,6,Independiente,878547,869223,True,98
Judith,Arias,613766,Yyilu.yyvrnpmsy@yahoo.com,613766,43,Otros,Vivienda,Arriesgado,Inversión,Bonos,Intermedio,6,Ambos,513292,314271,True,87
Dora,Crespi,393052,Cdpg.guwaruqc@gmail.com,393052,45,Soldador,Vacaciones,Arriesgado,Inversión,CDF,Básico,12,Independiente,702185,624765,True,21
Jose luis,Mínguez,807178,Szqoxj.urzdrinp@gmail.com,807178,69,Secretaria,Educación,Arriesgado,Ahorro,Opción ahorro,Básico,12,Ambos,541870,371588,True,91
Visitación,Rey,115440,Bxvnxxn.igomjmnizb@yahoo.com,115440,26,Otros,Educación,Arriesgado,Inversión,ETFS,Básico,3,Dependiente,385305,288549,True,15
Abigaíl,Amores,456184,Splu.stzzaglofe@outlook.com,456184,35,Cocinero,Otros,Moderado,Ahorro,Opción ahorro,Avanzado,12,Dependiente,541578,273095,True,71
Teresa,Manuel,623392,Rcfpihsu.yeqwd@gmail.com,623392,68,Técnicos en seguridad aeronáutica,Imprevistos,Conservador,Ahorro,Opción ahorro,Básico,6,Jubilación,367026,358056,True,28
Macario,Reig,844802,Mbaghb.eiejpc@yahoo.com,844802,39,Psicólogos,Imprevistos,Moderado,Ahorro,Opción ahorro,Intermedio,12,Dependiente,863904,592421,True,17
Lucho,Baeza,697775,Ahpica.lohxajp@yahoo.com,697775,32,Diseñador de interiores,Jubilación,Moderado,Ahorro,Opción ahorro,Básico,3,Independiente,385805,280552,True,97
Julio césar,Serra,107905,Henvyay.eosfvuhuop@hotmail.com,107905,69,Policía,Educación,Arriesgado,Ahorro,Opción ahorro,Ninguno,12,Dependiente,579594,314043,True,42
Rafaela,Barral,841197,Bplzueka.crtfuy@outlook.com,841197,61,Ingeniero químico,Vacaciones,Conservador,Ahorro,Opción ahorro,Intermedio,9,Jubilación,754451,398425,True,41
Beatriz,Duran,819025,Qspwudtc.gznqowxvq@hotmail.com,819025,56,Diseñador de interiores,Proyectos largo plazo,Moderado,Ahorro,Opción ahorro,Básico,6,Independiente,369974,306741,True,98
Bernardo,Company,892880,Lzqeolm.hipkakh@hotmail.com,892880,40,Escritor,Vacaciones,Moderado,Ahorro,Opción ahorro,Avanzado,3,Independiente,872670,446724,True,58
Inocencio,Alcalá,466293,Gsxamxhf.upurmtdtq@outlook.com,466293,21,Físicos,Educación,Arriesgado,Ahorro,Opción ahorro,Intermedio,3,Dependiente,363202,247986,True,40
Jose ramón,Barceló,137577,Vdyupl.rzlsrgook@hotmail.com,137577,48,Mozos y taberneros,Libertad financiera,Arriesgado,Inversión,Otros,Intermedio,3,Ambos,553227,424447,True,54
Maribel,Morcillo,466082,Kyvjgywo.lnrwimvq@hotmail.com,466082,27,Psicólogos,Imprevistos,Arriesgado,Inversión,ETFS,Avanzado,9,Independiente,573921,306969,True,89
Miguel ángel,Gallo,476792,Vsyi.psfbxhevkg@hotmail.com,476792,23,Operador de máquina,Jubilación,Conservador,Ahorro,Opción ahorro,Intermedio,9,Independiente,498556,472672,True,14
Mauricio,Morata,647197,Wscrmsjc.rltpxyhps@outlook.com,647197,54,Ingeniero de telecomunicaciones,Vivienda,Arriesgado,Ahorro,Opción ahorro,Intermedio,12,Ambos,287485,149838,True,3
Fabricio,Miranda,383100,Edttuf.ptpeyb@outlook.com,383100,38,Agente de viaje,Vivienda,Moderado,Inversión,ETFS,Intermedio,9,Dependiente,366275,286970,True,57
Francisco javier,Duarte,117307,Rfjryn.eybbkltor@outlook.com,117307,68,Diseñador de interiores,Proyectos largo plazo,Moderado,Ahorro,Opción ahorro,Básico,3,Dependiente,603593,518436,True,68
Melisa,Talavera,474841,Faqeagkc.lijta@gmail.com,474841,41,Creadores y analistas de sistemas informáticos,Imprevistos,Moderado,Ahorro,Opción ahorro,Avanzado,9,Independiente,849170,608190,True,3
Carmelo,Mateo,597458,Tjyru.hmcmktx@outlook.com,597458,53,Operador de máquina,Educación,Conservador,Ahorro,Opción ahorro,Avanzado,6,Independiente,834131,613790,True,2
Nicodemo,Peláez,786049,Vpocumd.fwvond@hotmail.com,786049,68,Cocinero,Vivienda,Arriesgado,Inversión,CDEARS,Ninguno,3,Dependiente,288017,235551,True,84
Adán,Tur,313360,Pemwbe.erfskq@yahoo.com,313360,19,Conserje,Proyectos largo plazo,Conservador,Inversión,CDEARS,Básico,6,Dependiente,322248,183987,True,87
Adoración,Dominguez,780724,Xvztqso.bvuhii@hotmail.com,780724,50,Músico,Jubilación,Conservador,Inversión,Bonos,Básico,9,Independiente,639575,416132,True,4
Chus,Ferrán,263886,Ufxcnkja.wvvjhunvo@yahoo.com,263886,29,Otros,Jubilación,Conservador,Ahorro,Opción ahorro,Básico,12,Independiente,776770,683028,True,29
Esmeralda,Carrión,814860,Jeureep.afimkxjd@hotmail.com,814860,52,Cartógrafos y agrimensores,Vacaciones,Conservador,Ahorro,Opción ahorro,Ninguno,9,Jubilación,392498,282181,True,99
Renata,Vaquero,694191,Btco.dkrodvhj@gmail.com,694191,24,Biólogo,Proyectos largo plazo,Conservador,Inversión,CDEARS,Básico,12,Independiente,298895,292511,True,84
María,Redondo,702039,Cjprahqc.jowleja@gmail.com,702039,70,Profesionales del trabajo social,Proyectos largo plazo,Conservador,Ahorro,Opción ahorro,Avanzado,9,Dependiente,819000,566631,True,32
Sebastián,Cáceres,180701,Twghr.tnltokusbv@yahoo.com,180701,40,Policía,Otros,Arriesgado,Inversión,Acciones,Básico,9,Ambos,653761,431477,True,23
Valentín,Baró,469167,Ztoc.kytzpm@yahoo.com,469167,32,Fotógrafo,Jubilación,Conservador,Ahorro,Opción ahorro,Ninguno,6,Independiente,722149,529563,True,16
Marco,Ricart,801579,Mkdp.lusdzsr@yahoo.com,801579,70,Arquitecto,Otros,Moderado,Inversión,CDEARS,Avanzado,3,Independiente,542210,404836,True,75
Clemente,Reina,930633,Rqid.habwgso@hotmail.com,930633,40,Técnicos en seguridad aeronáutica,Vacaciones,Arriesgado,Inversión,Bonos,Intermedio,6,Dependiente,527394,290793,True,17
Raimundo,Manuel,361365,Sgtf.bqthxec@outlook.com,361365,37,Ingeniero mecánico,Educación,Conservador,Ahorro,Opción ahorro,Básico,3,Ambos,675711,348720,True,100
Evita,Lledó,893347,Ashl.bhnyfhrm@yahoo.com,893347,54,Recepcionista,Proyectos largo plazo,Arriesgado,Inversión,CDF,Avanzado,9,Independiente,295939,214014,True,98
Virgilio,Buendía,399946,Xuyr.rtltylxsx@gmail.com,399946,47,Ingeniero de telecomunicaciones,Vacaciones,Moderado,Ahorro,Opción ahorro,Ninguno,12,Dependiente,712388,501865,True,3
Adriana,Amigó,740691,Vazjuh.pgfyzemxo@outlook.com,740691,54,Piloto,Otros,Moderado,Ahorro,Opción ahorro,Intermedio,3,Jubilación,683537,546803,True,22
Felipa,Riquelme,113721,Yymref.denqsm@outlook.com,113721,44,Técnico,Imprevistos,Conservador,Ahorro,Opción ahorro,Ninguno,6,Jubilación,453761,308445,True,31
Guadalupe,Aroca,147745,Zvkhkwb.thipxi@gmail.com,147745,48,Otros,Vacaciones,Moderado,Inversión,ETFS,Avanzado,12,Dependiente,301849,223259,True,88
Charo,Díez,906030,Xzuj.hlrychmbvd@gmail.com,906030,36,Dentista,Imprevistos,Arriesgado,Ahorro,Opción ahorro,Intermedio,9,Ambos,812284,637784,True,99
Damián,Torrijos,331500,Veuznkcy.hlvtqt@gmail.com,331500,35,Operadores de equipos de radiodifusión,Imprevistos,Arriesgado,Ahorro,Opción ahorro,Básico,12,Dependiente,879323,506697,True,55
Moisés,Roca,988845,Btgr.mjjjwzs@gmail.com,988845,38,Químico,Educación,Moderado,Inversión,Bonos,Intermedio,9,Dependiente,870924,774084,True,96
Nazaret,Sáenz,531270,Xhffest.vnaies@hotmail.com,531270,28,Locutores de radio y televisión y afines,Libertad financiera,Arriesgado,Ahorro,Opción ahorro,Avanzado,9,Dependiente,836602,509360,True,53
Hermenegildo,Infante,537333,Qeiy.jrmoaqwigr@yahoo.com,537333,56,Ingeniero químico,Vivienda,Moderado,Inversión,Bonos,Avanzado,12,Dependiente,513629,317781,True,55
Reinaldo,Aguilar,522185,Imkcsj.hmxoaudn@gmail.com,522185,26,Bombero,Vacaciones,Conservador,Inversión,CDF,Básico,9,Ambos,643932,532303,True,61
Jesús,Busquets,785040,Aorow.ajatbjjzfc@outlook.com,785040,52,Bombero,Jubilación,Arriesgado,Ahorro,Opción ahorro,Ninguno,3,Dependiente,860992,698016,True,24
Carmelita,Martorell,541133,Wcnh.oltuwkptl@hotmail.com,541133,62,Agente inmobiliario,Imprevistos,Conservador,Inversión,CDEARS,Intermedio,3,Ambos,878995,803828,True,80
Norberto,Ríos,134696,Qzoq.qtpiilfi@gmail.com,134696,36,Médico,Vacaciones,Moderado,Ahorro,Opción ahorro,Avanzado,9,Independiente,762383,382834,True,57
Máxima,Elías,459138,Gmhtsmg.wccpxmlhd@outlook.com,459138,29,Profesionales del trabajo social,Educación,Moderado,Inversión,CDF,Intermedio,3,Independiente,615562,523035,True,29
María belén,Feijoo,491588,Xnunnc.rhwnjr@gmail.com,491588,59,Técnico,Jubilación,Arriesgado,Ahorro,Opción ahorro,Básico,9,Independiente,820448,639383,True,9
Bibiana,Campos,286898,Zjwdyok.gmrwezmu@gmail.com,286898,20,Agrónomo,Libertad financiera,Arriesgado,Inversión,Acciones,Ninguno,9,Independiente,758567,408909,True,38
Jose,Noriega,195109,Wfniu.obkdqs@gmail.com,195109,56,Filósofos,Otros,Moderado,Inversión,Acciones,Avanzado,12,Jubilación,569233,525081,True,84
Bernardo,Pozuelo,602234,Hcdomw.nkgznaz@gmail.com,602234,41,Médico,Vacaciones,Moderado,Ahorro,Opción ahorro,Básico,3,Ambos,706537,467523,True,74
Feliciana,Cortés,422685,Gtnvfbxv.dvqvxk@hotmail.com,422685,28,Mecánico,Vivienda,Moderado,Inversión,CDF,Ninguno,6,Dependiente,542310,286734,True,83
Esmeralda,Garcés,176315,Dszo.dcplrsgaym@outlook.com,176315,45,Ingeniero mecánico,Vivienda,Moderado,Inversión,ETFS,Avanzado,9,Ambos,567637,478891,True,98
Vinicio,Alegria,254151,Yfbvq.jlgudbd@outlook.com,254151,25,Controlador de tráfico aéreo,Proyectos largo plazo,Moderado,Inversión,Acciones,Intermedio,3,Ambos,602060,515032,True,67
Jenaro,Ballester,388442,Pjhyma.dsgnhyvaqb@yahoo.com,388442,68,Personal doméstico,Libertad financiera,Conservador,Ahorro,Opción ahorro,Avanzado,3,Jubilación,710088,382157,True,95
Hector,Ferrando,520415,Dlcfhpuj.xieubftz@hotmail.com,520415,32,Dentista,Imprevistos,Arriesgado,Ahorro,Opción ahorro,Básico,12,Ambos,389648,293448,True,30
Anabel,Gutiérrez,157055,Nadq.zhxvycysjs@outlook.com,157055,64,Ingeniero electricista,Imprevistos,Arriesgado,Ahorro,Opción ahorro,Avanzado,3,Jubilación,429797,323887,True,54
Emigdio,Escudero,576264,Evayjkew.hxgqjhsl@gmail.com,576264,24,Veterinario,Otros,Arriesgado,Ahorro,Opción ahorro,Básico,3,Dependiente,311259,234103,True,14
José manuel,Taboada,880660,Cwbpnql.vnsrtw@outlook.com,880660,64,Operador de máquina,Educación,Arriesgado,Inversión,Bonos,Ninguno,6,Independiente,341214,277822,True,54
Cloe,Bárcena,778123,Nrshsab.vykxtqj@gmail.com,778123,50,Personal doméstico,Otros,Moderado,Inversión,ETFS,Básico,6,Ambos,687550,398264,True,17
Clarisa,Bravo,575821,Bwxu.phfkcrlahb@gmail.com,575821,60,Otros,Proyectos largo plazo,Conservador,Ahorro,Opción ahorro,Avanzado,3,Dependiente,822279,604567,True,77
Tadeo,Huerta,757609,Vfyrqfd.cbeajnet@hotmail.com,757609,25,Estadístico,Educación,Arriesgado,Ahorro,Opción ahorro,Básico,12,Dependiente,855439,591811,True,54
Blanca,Olivera,731665,Fvje.pkrgpzgz@gmail.com,731665,24,Piloto,Educación,Moderado,Ahorro,Opción ahorro,Intermedio,6,Independiente,393442,268482,True,73
Custodia,Mascaró,238339,Xbrynbyb.ppggtqctf@outlook.com,238339,57,Músico,Imprevistos,Conservador,Inversión,CDEARS,Intermedio,12,Independiente,539851,279822,True,63
Berto,Grande,528673,Cgsaksl.dqrgaw@outlook.com,528673,48,Otros,Vivienda,Moderado,Inversión,Otros,Avanzado,3,Ambos,853298,743192,True,50
Rodolfo,Francisco,159860,Mshp.breen@yahoo.com,159860,26,Escritor,Vacaciones,Moderado,Ahorro,Opción ahorro,Avanzado,3,Independiente,450010,273044,True,55
Miguel ángel,Barreda,551883,Qmwxyg.rbtgx@gmail.com,551883,49,Músico,Educación,Conservador,Inversión,Acciones,Intermedio,9,Independiente,387726,316957,True,57
Vanesa,Tur,819367,Njcy.sotpjdkfr@yahoo.com,819367,27,Mecánico,Vacaciones,Conservador,Inversión,CDF,Intermedio,3,Independiente,887762,566591,True,100
Irma,Villena,779850,Zsrhqs.pffbsh@hotmail.com,779850,68,Fotógrafo,Otros,Arriesgado,Ahorro,Opción ahorro,Avanzado,12,Independiente,695648,671624,True,100
Seve,Abascal,713377,Mfol.anctqerf@gmail.com,713377,40,Bombero,Vivienda,Arriesgado,Ahorro,Opción ahorro,Básico,9,Independiente,819732,509977,True,73
Olga,Hoyos,343459,Knxlmyl.ouyhlldxyq@yahoo.com,343459,26,Agente de bolsa,Jubilación,Moderado,Inversión,Bonos,Intermedio,12,Ambos,539356,411282,True,99
Baltasar,Goicoechea,413029,Gocd.jpvwuzdxe@gmail.com,413029,33,Otros,Proyectos largo plazo,Conservador,Ahorro,Opción ahorro,Intermedio,12,Ambos,640558,417753,True,43
Reina,Uriarte,796028,Xmlcumg.suplpxeak@outlook.com,796028,69,Coreógrafo,Educación,Conservador,Inversión,Acciones,Avanzado,6,Ambos,515712,468647,True,73
Dulce,Guillen,495712,Eymcmmv.pkgenetsd@gmail.com,495712,45,Secretaria,Vacaciones,Moderado,Inversión,Bonos,Básico,9,Dependiente,715953,688865,True,31
Eduardo,Linares,321363,Bzqf.jhfqcwrkmd@outlook.com,321363,48,Catador,Vacaciones,Moderado,Ahorro,Opción ahorro,Ninguno,3,Independiente,700428,538489,True,52
Aníbal,Fiol,416560,Qyprca.vnfuf@gmail.com,416560,35,Músico,Vacaciones,Moderado,Ahorro,Opción ahorro,Avanzado,12,Dependiente,406802,383243,True,5
Pili,Bravo,557565,Rsrcp.tjwevdz@hotmail.com,557565,67,Operador de máquina,Jubilación,Conservador,Ahorro,Opción ahorro,Básico,6,Independiente,661922,365498,True,98
Patricia,Lopez,109562,Ikcblry.ablvvgwfjr@gmail.com,109562,46,Policía,Jubilación,Conservador,Ahorro,Opción ahorro,Intermedio,3,Dependiente,872245,542074,True,94
Juan josé,Peña,683870,Zewptzy.vdfmoitpo@hotmail.com,683870,43,Conductor,Vivienda,Moderado,Ahorro,Opción ahorro,Básico,6,Independiente,584492,506185,True,34
Ciríaco,Barrio,706713,Nwnx.dhseodr@gmail.com,706713,63,Personal doméstico,Jubilación,Conservador,Inversión,Acciones,Ninguno,9,Ambos,413680,394447,True,16
Ernesto,Iriarte,701112,Zdutrw.eueiirvaiq@yahoo.com,701112,62,Fotógrafo,Educación,Conservador,Ahorro,Opción ahorro,Avanzado,3,Ambos,628656,314913,True,5
Irene,Acedo,365112,Nznzq.nddcnkvws@yahoo.com,365112,49,Técnicos en seguridad aeronáutica,Vivienda,Conservador,Ahorro,Opción ahorro,Ninguno,9,Dependiente,317330,208939,True,54
Melchor,Castillo,395160,Ykhlmc.svpecccyeh@outlook.com,395160,21,Bombero,Vivienda,Conservador,Inversión,Acciones,Avanzado,3,Ambos,549849,362807,True,84
Macarena,Taboada,790950,Japikkxl.jjwnm@hotmail.com,790950,33,Psicólogos,Vacaciones,Conservador,Inversión,Bonos,Avanzado,3,Dependiente,379727,299422,True,70
Renato,Marquez,556338,Stgscw.extwpm@outlook.com,556338,48,Ingenieros de minas,Educación,Conservador,Ahorro,Opción ahorro,Básico,6,Ambos,855088,592940,True,39
Sigfrido,Arnau,459233,Ontubm.mjdwxh@outlook.com,459233,20,Cocinero,Otros,Conservador,Inversión,Bonos,Básico,9,Ambos,828585,790367,True,6
Ariadna,Durán,234418,Zawkbjgc.wlywovnm@gmail.com,234418,33,Agentes público,Vivienda,Moderado,Inversión,CDF,Ninguno,3,Ambos,367468,279218,True,79
María manuela,Patiño,506873,Ddkezc.msubshp@hotmail.com,506873,52,Otros,Educación,Moderado,Inversión,Otros,Intermedio,12,Jubilación,413788,359961,True,84
Mohamed,Lloret,111845,Blzgljcl.zypxdnuqf@hotmail.com,111845,46,Bombero,Proyectos largo plazo,Conservador,Inversión,Bonos,Ninguno,6,Jubilación,820872,705619,True,62
Remigio,Jover,595013,Znvedm.vktgqxe@hotmail.com,595013,50,Biólogo,Educación,Arriesgado,Ahorro,Opción ahorro,Ninguno,9,Jubilación,545949,307883,True,17
Dan,Carro,824996,Bpxc.tyespml@outlook.com,824996,27,Contador,Jubilación,Moderado,Ahorro,Opción ahorro,Ninguno,6,Ambos,631113,377045,True,54
Eligio,Salas,625104,Nhcchst.emmbhod@gmail.com,625104,45,Operador,Proyectos largo plazo,Moderado,Ahorro,Opción ahorro,Ninguno,9,Dependiente,535387,307271,True,41
Elba,Aguilera,124546,Odpggm.ujedyulfcn@hotmail.com,124546,69,Gerentes de empresas,Otros,Conservador,Ahorro,Opción ahorro,Avanzado,3,Ambos,498537,394661,True,10
Daniel,Correa,981362,Rfbznlc.qjbonp@outlook.com,981362,50,Escritor,Proyectos largo plazo,Arriesgado,Ahorro,Opción ahorro,Ninguno,12,Independiente,788219,645326,True,32
Armando,Cárdenas,991618,Vfvkg.obhroxxn@hotmail.com,991618,30,Cartógrafos y agrimensores,Vivienda,Arriesgado,Inversión,ETFS,Básico,12,Jubilación,803803,508438,True,97
Irma,Casado,724364,Imtj.thjpnxucwo@hotmail.com,724364,60,Agricultor,Jubilación,Arriesgado,Ahorro,Opción ahorro,Avanzado,9,Jubilación,756894,656745,True,90
Dominga,Garrido,400448,Eqfyrie.gsmouvjdso@outlook.com,400448,70,Otros,Educación,Moderado,Inversión,Bonos,Ninguno,3,Independiente,646590,488522,True,14
Marciano,Gomila,669316,Vofdhpqr.urvztpz@hotmail.com,669316,61,Coreógrafo,Vacaciones,Moderado,Inversión,CDEARS,Ninguno,3,Dependiente,795424,729790,True,83
Iris,Abella,988341,Mtddlttx.ecoemuox@hotmail.com,988341,43,Farmacólogos,Proyectos largo plazo,Moderado,Inversión,CDF,Avanzado,9,Dependiente,317319,191765,True,96
Ignacio,Vélez,903033,Wjexj.wjxwevdm@yahoo.com,903033,33,Personal doméstico,Libertad financiera,Moderado,Ahorro,Opción ahorro,Intermedio,9,Jubilación,622779,318834,True,7
Modesta,Esteban,660880,Dwdtbi.cczvxmn@hotmail.com,660880,61,Técnicos en seguridad aeronáutica,Vacaciones,Conservador,Ahorro,Opción ahorro,Intermedio,9,Jubilación,316230,219834,True,4
Román,Recio,298008,Xykd.zbzoryjdyz@hotmail.com,298008,43,Mozos y taberneros,Libertad financiera,Conservador,Inversión,Acciones,Básico,3,Independiente,884876,740832,True,24
Olalla,Bermudez,230298,Iegpfzh.pwyzurjuwn@yahoo.com,230298,55,Otros,Vivienda,Conservador,Ahorro,Opción ahorro,Básico,9,Jubilación,874444,592291,True,69
Azahar,Arco,855277,Iybadyyz.fnoavt@gmail.com,855277,59,Otros,Vacaciones,Moderado,Inversión,Bonos,Básico,9,Jubilación,373633,318360,True,73
Rosa,Priego,426515,Dqst.hojqqpgdvk@outlook.com,426515,28,Controlador de tráfico aéreo,Educación,Arriesgado,Inversión,CDF,Intermedio,3,Independiente,285854,167108,True,38
Clímaco,Cabanillas,405924,Xwreomrz.kdbuymlo@yahoo.com,405924,41,Físicos,Vacaciones,Arriesgado,Ahorro,Opción ahorro,Ninguno,9,Dependiente,796436,589551,True,84
Violeta,Peláez,118094,Qezn.uekolkig@yahoo.com,118094,46,Agricultor,Educación,Moderado,Inversión,CDF,Intermedio,12,Ambos,819391,607519,True,47
Ale,Cabrero,615126,Oznke.rvmve@outlook.com,615126,33,Veterinario,Jubilación,Conservador,Inversión,CDEARS,Básico,9,Dependiente,431883,336947,True,54
Candelaria,Páez,566906,Dunqybai.tunhwzm@hotmail.com,566906,49,Bombero,Imprevistos,Conservador,Inversión,CDEARS,Avanzado,12,Dependiente,419698,400195,True,94
Román,Hierro,780264,Xzvgdpt.zhnyf@hotmail.com,780264,70,Ingeniero químico,Otros,Arriesgado,Ahorro,Opción ahorro,Ninguno,3,Dependiente,784469,532462,True,70
Chus,Cañas,846785,Vqlc.kovyb@gmail.com,846785,23,Chapistas y caldereros,Imprevistos,Conservador,Ahorro,Opción ahorro,Avanzado,12,Independiente,823252,668074,True,70
Claudio,Pons,854065,Wbactt.mxmmzshuz@outlook.com,854065,43,Técnicos en seguridad aeronáutica,Vacaciones,Moderado,Inversión,CDF,Ninguno,12,Jubilación,638330,544711,True,99
Obdulia,Navas,399647,Hgrm.kvbwcgbp@hotmail.com,399647,36,Directores general,Otros,Conservador,Ahorro,Opción ahorro,Básico,6,Dependiente,891300,752195,True,97
Leocadia,Córdoba,135340,Cvzgrb.irsbjr@yahoo.com,135340,28,Biólogo,Imprevistos,Moderado,Inversión,Acciones,Básico,6,Dependiente,875658,469844,True,47
Efraín,Carbonell,831094,Rjdgj.xbxyown@outlook.com,831094,42,Matemático,Proyectos largo plazo,Arriesgado,Ahorro,Opción ahorro,Básico,3,Ambos,740697,702400,True,51
Manolo,Valenciano,576183,Whctqsy.xhtkakihso@yahoo.com,576183,31,Secretaria,Otros,Arriesgado,Ahorro,Opción ahorro,Avanzado,6,Ambos,739819,387480,True,1
Iker,Sarmiento,877134,Euflk.ckosgldsp@outlook.com,877134,48,Matemático,Vacaciones,Moderado,Inversión,CDEARS,Básico,3,Ambos,294628,245831,True,95
Adelardo,Neira,177493,Jtxt.ewwcmwn@yahoo.com,177493,60,Otros,Imprevistos,Moderado,Ahorro,Opción ahorro,Básico,6,Independiente,429444,282321,True,82
Eva maría,Calderón,834154,Qmeip.vrpdqdgq@gmail.com,834154,48,Profesor,Imprevistos,Moderado,Ahorro,Opción ahorro,Ninguno,3,Dependiente,754855,566004,True,93
Venceslás,Andrade,520572,Ghsmzuok.rpromrsrb@gmail.com,520572,54,Policía,Imprevistos,Conservador,Ahorro,Opción ahorro,Intermedio,12,Independiente,736011,420967,True,51
Jose ignacio,Casas,632971,Rzef.arjhaqpr@yahoo.com,632971,60,Profesionales del trabajo social,Imprevistos,Arriesgado,Inversión,CDF,Avanzado,9,Jubilación,885474,542389,True,60
Amelia,Duque,754209,Lwqft.gzclnz@outlook.com,754209,69,Geólogo,Imprevistos,Moderado,Inversión,Otros,Intermedio,9,Dependiente,445670,239633,True,14
Manu,Barreda,263845,Wsigzvoo.orvxtyt@hotmail.com,263845,44,Agricultor,Vivienda,Conservador,Ahorro,Opción ahorro,Avanzado,9,Independiente,725667,524100,True,61
Josefina,Casanovas,516307,Tnpkd.yeiyylq@hotmail.com,516307,31,Piloto,Libertad financiera,Moderado,Ahorro,Opción ahorro,Intermedio,3,Ambos,573864,541420,True,78
Reyes,Mayo,445442,Hkxttuhy.wpbqzk@outlook.com,445442,50,Otros,Otros,Conservador,Inversión,Bonos,Ninguno,12,Ambos,405378,393315,True,22
Rodolfo,Madrid,580561,Usfnds.ljhftxcrz@yahoo.com,580561,30,Piloto,Libertad financiera,Arriesgado,Ahorro,Opción ahorro,Avanzado,12,Ambos,555640,528238,True,7
Curro,Patiño,236387,Tpxq.twkhgzacpw@outlook.com,236387,58,Cocinero,Libertad financiera,Moderado,Ahorro,Opción ahorro,Intermedio,3,Ambos,781801,524008,True,75
Leocadia,Beltran,871452,Bhamgwzj.osstwyzuti@yahoo.com,871452,24,Diseñador de interiores,Jubilación,Moderado,Inversión,ETFS,Intermedio,9,Dependiente,467916,356857,True,1
Amanda,Arias,776641,Mkngo.yhvpdnz@outlook.com,776641,29,Profesionales del trabajo social,Educación,Moderado,Inversión,CDEARS,Intermedio,6,Dependiente,421289,275836,True,71
Pascuala,Porcel,527404,Lfeoyq.zkwnlvyae@yahoo.com,527404,36,Controlador de tráfico aéreo,Imprevistos,Moderado,Ahorro,Opción ahorro,Básico,6,Independiente,478850,448940,True,53
Agustín,Busquets,181574,Iqscubr.pjzqgybx@gmail.com,181574,53,Escritor,Jubilación,Conservador,Inversión,Acciones,Básico,12,Independiente,785282,511579,True,16
Alex,Tamayo,436228,Avupgtzi.epxxh@yahoo.com,436228,35,Policía,Imprevistos,Moderado,Ahorro,Opción ahorro,Ninguno,12,Dependiente,687775,474066,True,95
Raquel,Villegas,833308,Bklms.jjbrutew@gmail.com,833308,46,Contador,Vacaciones,Conservador,Inversión,CDEARS,Intermedio,12,Ambos,631115,522625,True,13
Lupita,Carnero,654197,Vcacmgg.yirkfwvr@outlook.com,654197,19,Cocinero,Educación,Moderado,Inversión,CDEARS,Intermedio,9,Dependiente,323555,202963,True,90
Luna,Jaén,434563,Kuopkuo.lrcfwe@hotmail.com,434563,37,Programador informático,Jubilación,Conservador,Ahorro,Opción ahorro,Avanzado,3,Dependiente,672771,516338,True,41
Buenaventura,Quirós,635008,Wunbt.ntgfi@outlook.com,635008,45,Abogado,Imprevistos,Conservador,Inversión,CDEARS,Ninguno,6,Independiente,444150,395325,True,38
Juan luis,Acevedo,153974,Vbnabu.oppbzx@yahoo.com,153974,22,Ingeniero civil,Educación,Conservador,Ahorro,Opción ahorro,Básico,9,Ambos,812556,437541,True,57
Carina,Mora,990563,Pohnjtk.qkxywtai@yahoo.com,990563,25,Catador,Educación,Arriesgado,Inversión,Otros,Básico,9,Independiente,408547,325042,True,45
Dionisio,Simó,363467,Osbn.xsmdrt@yahoo.com,363467,54,Recepcionista,Proyectos largo plazo,Conservador,Inversión,Bonos,Básico,9,Ambos,848517,718004,True,53
Alcides,Frías,113214,Tfkzh.cgcmfwlu@yahoo.com,113214,66,Chapistas y caldereros,Vivienda,Conservador,Inversión,Otros,Avanzado,12,Ambos,757329,545118,True,41
Fabricio,Barrera,694446,Slsk.evyfduwxsd@gmail.com,694446,50,Personal doméstico,Vivienda,Moderado,Inversión,CDF,Avanzado,6,Jubilación,610039,334503,True,36
Francisco,Catalán,865330,Foottsew.ymymxzhbvd@outlook.com,865330,19,Otros,Vivienda,Moderado,Ahorro,Opción ahorro,Básico,6,Independiente,415707,330041,True,24
Erasmo,Pardo,864702,Qtwdntmn.oucxjjfp@outlook.com,864702,42,Otros,Otros,Arriesgado,Ahorro,Opción ahorro,Ninguno,12,Independiente,793739,775415,True,96
Ambrosio,Tello,145926,Njfgr.jjrxaaweng@gmail.com,145926,26,Ingeniero mecánico,Vivienda,Moderado,Ahorro,Opción ahorro,Intermedio,9,Dependiente,852380,670426,True,6
Olivia,Puerta,104114,Eyxnat.xguhithdeu@outlook.com,104114,19,Fotógrafo,Educación,Moderado,Inversión,CDF,Básico,12,Independiente,310921,209543,True,35
Otilia,Sarabia,563031,Itabt.ukwce@gmail.com,563031,32,Escritor,Vacaciones,Conservador,Ahorro,Opción ahorro,Intermedio,9,Ambos,558492,522118,True,46
Lino,Barrios,671152,Mifhrdz.yqyynvnqqc@hotmail.com,671152,57,Locutores de radio y televisión y afines,Jubilación,Arriesgado,Inversión,Otros,Básico,12,Ambos,706293,632258,True,53
Macarena,Domingo,637803,Hlmiqpzp.lfoafkr@yahoo.com,637803,36,Dentista,Vacaciones,Arriesgado,Inversión,Otros,Básico,3,Dependiente,304427,217372,True,50
Charo,Vilaplana,528739,Eevy.tuhpqql@hotmail.com,528739,28,Estadístico,Jubilación,Arriesgado,Ahorro,Opción ahorro,Intermedio,12,Ambos,729109,500125,True,32
Feliciano,Sáez,361457,Xubv.qzzzudkd@hotmail.com,361457,43,Operador de máquina,Proyectos largo plazo,Conservador,Inversión,Bonos,Avanzado,9,Dependiente,592212,417992,True,90
Teresita,Mateu,524369,Rgfvvvk.akkxa@yahoo.com,524369,47,Ingeniero mecánico,Vivienda,Arriesgado,Ahorro,Opción ahorro,Básico,9,Dependiente,644191,379030,True,88
Kike,Galván,777228,Shlpp.imapdozui@hotmail.com,777228,43,Locutores de radio y televisión y afines,Libertad financiera,Arriesgado,Ahorro,Opción ahorro,Ninguno,3,Dependiente,483974,249754,True,15
Ale,Rozas,892786,Zblmcf.amahdxu@outlook.com,892786,59,Farmacólogos,Jubilación,Arriesgado,Inversión,Acciones,Ninguno,12,Ambos,349035,305327,True,75
Nacio,Sancho,241934,Laekc.zckubvyrql@outlook.com,241934,22,Químico,Imprevistos,Conservador,Inversión,ETFS,Básico,3,Dependiente,338353,204386,True,61
Maribel,Vergara,896576,Qwnp.ohzucest@yahoo.com,896576,27,Ingeniero de telecomunicaciones,Otros,Conservador,Ahorro,Opción ahorro,Avanzado,3,Ambos,620374,349897,True,28
Valentín,Pozo,267213,Yaxvw.tdvizq@yahoo.com,267213,20,Geólogo,Libertad financiera,Moderado,Inversión,Acciones,Avanzado,12,Dependiente,430428,282033,True,42
Carmela,Santos,951770,Zrhl.xufostikyx@yahoo.com,951770,49,Soldador,Jubilación,Arriesgado,Inversión,Bonos,Intermedio,3,Dependiente,372696,251678,True,81
Roldán,Valverde,123745,Rarwu.migjuf@yahoo.com,123745,59,Mozos y taberneros,Jubilación,Moderado,Inversión,Otros,Básico,12,Independiente,837656,538478,True,80
Toribio,Sobrino,948971,Ypymdai.gscmplz@yahoo.com,948971,34,Ingeniero electricista,Vacaciones,Arriesgado,Inversión,ETFS,Intermedio,6,Ambos,701080,371594,True,32
Noelia,Bermudez,804894,Lxmlbnok.ntcwfss@gmail.com,804894,44,Modelos de moda,Imprevistos,Moderado,Ahorro,Opción ahorro,Avanzado,6,Independiente,577149,489811,True,76
Azucena,Godoy,749223,Lpoumrls.ejscctqsh@gmail.com,749223,28,Sociólogos,Otros,Conservador,Ahorro,Opción ahorro,Avanzado,9,Dependiente,572625,427262,True,1
Palmira,Alemany,361906,Yjhtyxn.qybuf@yahoo.com,361906,36,Psicólogos,Educación,Conservador,Inversión,Acciones,Intermedio,12,Ambos,471094,255551,True,96
Amaya,Suarez,685790,Hirk.dikbro@outlook.com,685790,21,Veterinario,Vivienda,Moderado,Ahorro,Opción ahorro,Ninguno,3,Dependiente,425761,310387,True,13
Alfonso,Carvajal,881991,Lutv.ghqmr@yahoo.com,881991,19,Mecánico,Educación,Arriesgado,Inversión,Acciones,Avanzado,9,Ambos,475206,367362,True,28
Piedad,Otero,323026,Zxoh.omjuljzxb@gmail.com,323026,28,Diseñador de interiores,Jubilación,Conservador,Ahorro,Opción ahorro,Avanzado,12,Ambos,289979,198170,True,87
Nayara,Cortes,111365,Jdzzivdg.txsqj@outlook.com,111365,54,Recepcionista,Jubilación,Arriesgado,Inversión,Otros,Intermedio,3,Dependiente,802411,793568,True,77
Martina,Batlle,737271,Rilidw.qwxgatss@outlook.com,737271,43,Ingeniero de telecomunicaciones,Proyectos largo plazo,Arriesgado,Ahorro,Opción ahorro,Avanzado,3,Dependiente,757371,669386,True,42
Timoteo,Rosa,546092,Rnnuvyv.tmzpjzq@gmail.com,546092,25,Piloto,Jubilación,Arriesgado,Ahorro,Opción ahorro,Básico,12,Dependiente,485100,404247,True,48
Diego,Gual,529740,Ijiiup.lbvcfgmrh@hotmail.com,529740,66,Fisioterapeuta,Imprevistos,Moderado,Inversión,Acciones,Básico,9,Dependiente,649780,364186,True,68
Remigio,Llanos,384436,Iytvoovb.tlabwmd@yahoo.com,384436,41,Profesionales del trabajo social,Jubilación,Conservador,Ahorro,Opción ahorro,Básico,9,Ambos,739824,430917,True,35
Rosario,Villanueva,347831,Pvsd.runrqmsq@yahoo.com,347831,42,Agente de viaje,Educación,Moderado,Ahorro,Opción ahorro,Avanzado,9,Dependiente,615956,362477,True,3
Rosenda,Haro,960962,Afnqissk.fkggqzjo@gmail.com,960962,32,Diseñador de interiores,Vacaciones,Conservador,Inversión,Otros,Intermedio,9,Dependiente,348539,288070,True,44
Trinidad,Barco,625165,Bxlg.srfiygqj@gmail.com,625165,70,Filósofos,Proyectos largo plazo,Moderado,Ahorro,Opción ahorro,Ninguno,9,Jubilación,832886,794116,True,22
Leoncio,Lozano,650459,Deao.rrnlmdpzo@yahoo.com,650459,66,Biólogo,Jubilación,Arriesgado,Inversión,CDF,Intermedio,9,Jubilación,810390,522308,True,40
Marisa,Neira,196862,Vsxfuivh.gdplj@yahoo.com,196862,31,Programador informático,Proyectos largo plazo,Conservador,Ahorro,Opción ahorro,Avanzado,6,Ambos,863483,458641,True,17
Iker,Marqués,831925,Batpowei.ewoqvhbru@yahoo.com,831925,25,Bibliotecario,Jubilación,Arriesgado,Ahorro,Opción ahorro,Intermedio,12,Dependiente,437404,282331,True,77
Eustaquio,Alberto,496486,Zwvfrlfc.odfjitd@outlook.com,496486,22,Bibliotecario,Proyectos largo plazo,Moderado,Ahorro,Opción ahorro,Intermedio,9,Ambos,640703,547083,True,100
Zoraida,Rovira,883977,Mturdypd.iqxldxne@yahoo.com,883977,53,Abogado,Imprevistos,Conservador,Ahorro,Opción ahorro,Intermedio,6,Dependiente,680522,678655,True,47
Isidro,Elorza,567403,Uptxlw.xsdant@yahoo.com,567403,63,Geólogo,Imprevistos,Conservador,Inversión,Acciones,Ninguno,6,Dependiente,531875,526124,True,77
Leonor,Gelabert,583885,Dmeio.iodut@yahoo.com,583885,59,Policía,Imprevistos,Conservador,Ahorro,Opción ahorro,Intermedio,3,Ambos,519498,391387,True,76
Eligia,Benet,257229,Dvmrdo.ytnba@outlook.com,257229,58,Veterinario,Jubilación,Moderado,Inversión,CDEARS,Intermedio,12,Independiente,493468,410865,True,100
Berto,Moraleda,919494,Hvjhzm.nzqujptqmy@hotmail.com,919494,46,Técnicos en seguridad aeronáutica,Jubilación,Moderado,Inversión,Bonos,Básico,6,Independiente,706472,365709,True,47
Ricardo,Valenciano,304446,Xojgdg.cwempludk@outlook.com,304446,49,Gerentes de empresas,Proyectos largo plazo,Arriesgado,Ahorro,Opción ahorro,Ninguno,9,Ambos,758304,626867,True,38
Daniela,Aller,268940,Uawgpr.ufelfp@outlook.com,268940,38,Diseñador de interiores,Otros,Arriesgado,Ahorro,Opción ahorro,Ninguno,6,Dependiente,422523,407909,True,80
Juana,Alfonso,466895,Kpotrzm.jqrgwsfjzd@yahoo.com,466895,68,Ingeniero de telecomunicaciones,Libertad financiera,Moderado,Ahorro,Opción ahorro,Básico,6,Dependiente,637829,629474,True,37
Pío,Pintor,203548,Jvibhcr.fzavruni@gmail.com,203548,67,Abogado,Imprevistos,Arriesgado,Ahorro,Opción ahorro,Avanzado,3,Ambos,701557,694866,True,16
Elena,Heredia,455467,Fbmjxp.dbxfqkt@yahoo.com,455467,22,Coreógrafo,Imprevistos,Conservador,Ahorro,Opción ahorro,Avanzado,9,Ambos,449911,413212,True,88
Íngrid,Farré,144501,Vkzvomp.phqoxzxsk@hotmail.com,144501,45,Personal doméstico,Jubilación,Conservador,Inversión,Acciones,Básico,3,Ambos,510955,478814,True,32
Danilo,Borrell,353408,Nbma.lkconoz@gmail.com,353408,39,Personal doméstico,Jubilación,Moderado,Ahorro,Opción ahorro,Intermedio,12,Ambos,558252,294042,True,47
Isidora,Hoz,113663,Vlwshen.mmidhh@yahoo.com,113663,61,Operadores de equipos ópticos y electrónicos,Proyectos largo plazo,Conservador,Ahorro,Opción ahorro,Avanzado,6,Ambos,442439,224645,True,11
Jesusa,Tamayo,354084,Npps.zvzmtosd@outlook.com,354084,20,Matemático,Vivienda,Conservador,Ahorro,Opción ahorro,Ninguno,9,Independiente,875455,673453,True,99
Alicia,Beltran,384794,Ydzdd.ddmau@hotmail.com,384794,68,Actor,Educación,Arriesgado,Inversión,Otros,Ninguno,9,Dependiente,518655,363177,True,56
Andrés felipe,Barrio,738870,Wuennjd.kzhuqm@yahoo.com,738870,23,Diseñador de interiores,Vivienda,Moderado,Ahorro,Opción ahorro,Avanzado,9,Ambos,478033,291996,True,92
Fermín,Campo,893903,Uswqsej.jjunaeb@outlook.com,893903,41,Otros,Proyectos largo plazo,Arriesgado,Inversión,CDF,Avanzado,6,Dependiente,307407,296309,True,19
María del carmen,Romero,978024,Wvwvj.tidjrgcoo@outlook.com,978024,32,Arquitecto,Vivienda,Arriesgado,Inversión,CDF,Avanzado,3,Ambos,824197,568115,True,90
Kike,Leiva,928391,Lsnif.agwgeln@hotmail.com,928391,24,Programador informático,Jubilación,Arriesgado,Ahorro,Opción ahorro,Ninguno,3,Dependiente,663321,375639,True,37
Raquel,Lucas,493218,Lhfpjp.bgpedniux@yahoo.com,493218,54,Técnico,Otros,Moderado,Inversión,Otros,Básico,3,Independiente,794443,596555,True,68
Diana,Vélez,498956,Jnautfg.hkgpszz@outlook.com,498956,64,Ingeniero electricista,Libertad financiera,Arriesgado,Inversión,Bonos,Avanzado,6,Ambos,826600,713342,True,89
Silvia,Ortega,230889,Buiubst.jlcijoaki@gmail.com,230889,62,Catador,Imprevistos,Conservador,Ahorro,Opción ahorro,Ninguno,9,Independiente,623352,469346,True,86
José,Nevado,906858,Wkuts.phqfnzd@outlook.com,906858,47,Operador de máquina,Jubilación,Moderado,Ahorro,Opción ahorro,Ninguno,12,Dependiente,361447,241527,True,90
Leyre,Rueda,927542,Wycxlln.ttgvuyz@outlook.com,927542,67,Conserje,Libertad financiera,Arriesgado,Ahorro,Opción ahorro,Ninguno,3,Ambos,722797,423851,True,2
Benigno,Malo,779989,Qpqvkib.cbrdtj@hotmail.com,779989,32,Agentes comerciales y corredores,Vacaciones,Arriesgado,Inversión,CDF,Básico,3,Ambos,457240,361846,True,85
Maximino,Valverde,196576,Ygwv.qfhyp@gmail.com,196576,33,Abogado,Jubilación,Conservador,Inversión,Otros,Ninguno,9,Ambos,330029,290559,True,50
Dan,Lorenzo,611128,Bsdjx.qneahcszeh@outlook.com,611128,49,Agente de bolsa,Proyectos largo plazo,Conservador,Ahorro,Opción ahorro,Intermedio,9,Dependiente,378575,190657,True,95
Nieves,Caro,839296,Vprj.tifvxu@yahoo.com,839296,32,Operadores de equipos de radiodifusión,Educación,Moderado,Ahorro,Opción ahorro,Intermedio,6,Ambos,427973,231393,True,34
Amparo,Caparrós,177968,Ukbfdyi.gebpwl@outlook.com,177968,34,Chapistas y caldereros,Otros,Moderado,Inversión,Acciones,Ninguno,6,Ambos,617793,402111,True,72
Fabiana,Navarro,805929,Kyhwb.ltzagkvxui@gmail.com,805929,23,Secretaria,Libertad financiera,Conservador,Inversión,Otros,Básico,3,Dependiente,479576,277249,True,3
Hilario,Espinosa,515416,Cxmkbaj.tqjniyo@hotmail.com,515416,41,Agentes público,Vivienda,Arriesgado,Inversión,Bonos,Básico,3,Independiente,379504,254147,True,46
Loreto,Hurtado,757646,Eicvuh.xbfzbem@yahoo.com,757646,65,Psicólogos,Imprevistos,Conservador,Ahorro,Opción ahorro,Ninguno,3,Independiente,547543,536447,True,36
Marcos,Pereira,516203,Bzychfey.gibzwqvfc@gmail.com,516203,32,Directores general,Vacaciones,Moderado,Inversión,Bonos,Ninguno,12,Independiente,556237,395222,True,99
Pablo,Sáenz,508929,Wdehdxs.ynnqckjy@yahoo.com,508929,30,Locutores de radio y televisión y afines,Imprevistos,Arriesgado,Inversión,Otros,Intermedio,12,Ambos,733751,662867,True,1
María manuela,Ríos,695385,Pbhp.zftxoatp@hotmail.com,695385,45,Agentes comerciales y corredores,Otros,Arriesgado,Ahorro,Opción ahorro,Intermedio,12,Ambos,744068,710682,True,26
Luciana,Aparicio,961609,Mkwy.jwogucijgj@hotmail.com,961609,69,Músico,Vacaciones,Moderado,Inversión,Bonos,Intermedio,6,Ambos,386484,281130,True,86
Sarita,Tejero,815755,Amrnhb.bivxk@outlook.com,815755,21,Otros,Libertad financiera,Arriesgado,Ahorro,Opción ahorro,Avanzado,12,Ambos,894653,717450,True,50
Carmen,Asensio,321132,Xwrvl.pcfke@hotmail.com,321132,34,Conserje,Vacaciones,Moderado,Inversión,ETFS,Básico,12,Independiente,776725,771414,True,62
Aurelio,Torrecilla,286371,Jfwzx.rgfhmhlfhn@gmail.com,286371,35,Agente inmobiliario,Imprevistos,Arriesgado,Inversión,CDEARS,Intermedio,9,Dependiente,295991,261959,True,70
Sabas,Sevillano,892084,Duljhf.igngo@yahoo.com,892084,37,Locutores de radio y televisión y afines,Otros,Arriesgado,Inversión,Otros,Ninguno,9,Ambos,562614,389329,True,45
Mayte,Guardiola,999883,Klwqg.moyvjcvq@outlook.com,999883,24,Recepcionista,Jubilación,Arriesgado,Inversión,Acciones,Ninguno,6,Ambos,791112,651870,True,3
Loreto,Andreu,626745,Pevi.ykpbcvjxki@outlook.com,626745,20,Policía,Jubilación,Moderado,Ahorro,Opción ahorro,Intermedio,12,Independiente,737242,688277,True,86
Bernardita,Barceló,299405,Rczaz.eqgblml@gmail.com,299405,49,Odontólogo,Jubilación,Conservador,Ahorro,Opción ahorro,Intermedio,9,Independiente,853423,450885,True,17
Modesto,Godoy,705791,Frrqyw.fzqtaqdo@gmail.com,705791,39,Creadores y analistas de sistemas informáticos,Otros,Conservador,Inversión,CDEARS,Básico,12,Ambos,306223,300721,True,99
Aitor,Ros,956762,Uolz.qvjcr@hotmail.com,956762,53,Técnico,Jubilación,Arriesgado,Ahorro,Opción ahorro,Básico,3,Dependiente,726390,382071,True,6
Otilia,Albero,762651,Sazirue.ycupjeii@yahoo.com,762651,22,Asistente veterinario,Otros,Moderado,Ahorro,Opción ahorro,Ninguno,9,Dependiente,616158,549829,True,68
Ileana,Pineda,392020,Mzseys.yuptecph@hotmail.com,392020,52,Técnico,Proyectos largo plazo,Moderado,Inversión,Otros,Avanzado,6,Dependiente,307875,263832,True,70
Nerea,Perez,464243,Aajl.fqyiuu@outlook.com,464243,64,Locutores de radio y televisión y afines,Vivienda,Conservador,Inversión,Bonos,Básico,12,Ambos,452827,299303,True,96
Abraham,Rojas,821426,Dhrtzqat.nuunlsmmpi@yahoo.com,821426,41,Mozos y taberneros,Jubilación,Arriesgado,Inversión,Otros,Avanzado,6,Dependiente,698267,649922,True,6
Dulce,Calderón,273991,Hafh.iuielmkc@outlook.com,273991,41,Cartógrafos y agrimensores,Otros,Arriesgado,Ahorro,Opción ahorro,Básico,12,Dependiente,364464,316630,True,11
Cándido,Trillo,833634,Ktsyqys.dytkq@hotmail.com,833634,49,Directores general,Jubilación,Moderado,Inversión,CDEARS,Intermedio,3,Ambos,567496,398723,True,23
Andrés felipe,Pujadas,445586,Pskpotav.uybjby@hotmail.com,445586,20,Operador,Vivienda,Conservador,Inversión,Bonos,Avanzado,3,Ambos,711910,511571,True,11
Violeta,Roldan,900426,Clhempm.raaiu@yahoo.com,900426,49,Químico,Imprevistos,Moderado,Inversión,Bonos,Básico,6,Independiente,668907,661337,True,46
Telmo,Vilaplana,630741,Llmjoyn.xrtfunjaas@yahoo.com,630741,24,Conserje,Educación,Moderado,Inversión,CDEARS,Intermedio,9,Dependiente,781046,649064,True,69
Martín,Donaire,578669,Lvaz.uqkxvlo@gmail.com,578669,21,Otros,Imprevistos,Conservador,Ahorro,Opción ahorro,Intermedio,9,Dependiente,868385,445208,True,13
Ibán,Checa,221783,Xwzqnk.rjwrz@hotmail.com,221783,39,Coreógrafo,Educación,Conservador,Inversión,ETFS,Intermedio,3,Dependiente,832420,471276,True,93
Eutimio,Seco,341797,Wrih.gyctrel@hotmail.com,341797,44,Agentes comerciales y corredores,Imprevistos,Arriesgado,Ahorro,Opción ahorro,Básico,6,Ambos,553220,452817,True,97
Adrián,Alberola,323422,Vslkoahp.ljdbdvzd@outlook.com,323422,41,Geólogo,Educación,Arriesgado,Inversión,ETFS,Básico,3,Dependiente,763233,615028,True,23
Teodosio,Machado,147337,Yfmptm.gdicdeszfz@gmail.com,147337,68,Filósofos,Jubilación,Arriesgado,Inversión,CDF,Básico,12,Dependiente,729000,571564,True,15
Rico,Somoza,414185,Lddb.pezikusfv@yahoo.com,414185,61,Matemático,Vivienda,Arriesgado,Ahorro,Opción ahorro,Ninguno,3,Dependiente,443002,298691,True,37
Manola,Farré,801970,Moozbi.wewucjgyjl@gmail.com,801970,20,Cocinero,Proyectos largo plazo,Arriesgado,Inversión,CDF,Intermedio,12,Dependiente,690865,451983,True,4
Diana,Carro,539324,Ibvjt.wgeusw@outlook.com,539324,58,Ingenieros de minas,Jubilación,Conservador,Inversión,CDF,Avanzado,6,Independiente,386895,272945,True,47
Ernesto,Bas,484939,Pygkrj.bhbyltdu@yahoo.com,484939,45,Economista,Libertad financiera,Conservador,Ahorro,Opción ahorro,Avanzado,3,Independiente,514599,504211,True,51
Flavia,Anguita,512805,Wpwrd.aljbv@gmail.com,512805,47,Mozos y taberneros,Imprevistos,Arriesgado,Ahorro,Opción ahorro,Intermedio,9,Independiente,770914,400602,True,42
Florencia,Manrique,571123,Ixzio.ncndxsem@yahoo.com,571123,68,Coreógrafo,Proyectos largo plazo,Arriesgado,Ahorro,Opción ahorro,Ninguno,12,Dependiente,421553,225987,True,13
Luis miguel,Gibert,307381,Jtfoyax.jisxo@gmail.com,307381,30,Agente de viaje,Proyectos largo plazo,Arriesgado,Inversión,ETFS,Ninguno,12,Dependiente,622381,494271,True,9
Virginia,Machado,592396,Fxulmxhp.awtdeuz@gmail.com,592396,69,Operadores de equipos de radiodifusión,Educación,Arriesgado,Inversión,CDF,Avanzado,9,Dependiente,392456,335191,True,4
Pablo,Sainz,583490,Dyse.hzebr@gmail.com,583490,59,Mecánico,Libertad financiera,Moderado,Inversión,Otros,Ninguno,6,Independiente,590093,468218,True,44
Natalia,Zamorano,524981,Bsoba.auhkbaaank@yahoo.com,524981,30,Recepcionista,Jubilación,Conservador,Ahorro,Opción ahorro,Avanzado,12,Dependiente,456234,448659,True,82
